Workbook

Sheet Timeline
A1: MATRIX-AI / OSA 2.0 · Delivery timeline (Phase 1 to Gate 1, Jan 31, 2027 · Phase 2 to Gate 2, Mar 31, 2027)
A2: Default start | C2: 46335 | E2: Gantt start | G2: 46307 | I2: Blue = input. Start is typed (blue) or calculated (black): day after the latest predecessor's End, or same day as the task in 'Starts with'. End = Start + Duration − 1 (calendar days). Mark people with x. 'Waits for (resource)' = earlier task of the same person (one task at a time for each DE and BA).
P3: Functional lead | Q3: Business analyst · Sell-Out, BR VR, BR EASTER | R3: Business analyst · Promotions, Perfect Store | S3: Business analyst · SI-SO, Customer P&L, Market Share, Shipments, Inventory | T3: Business analyst · Sell-In, Sell-Through, Right Store, BR PVC | U3: Lead architect | V3: Data architect · WS-1, WS-2, WS-3 | W3: Data architect · WS-4, WS-5, WS-6 | X3: Solution architect | Y3: Data engineer · Python, WS-5 | Z3: Data engineer · Python, WS-5 | AA3: Data engineer · WS-1, WS-3 | AB3: Data engineer · WS-1, WS-3 | AC3: Data engineer · WS-2 | AD3: Data engineer · WS-2 | AE3: Data engineer · WS-4 | AF3: Data engineer · WS-6 | AG3: Data engineer · WS-6 | AH3: Data engineer · WS-2 BR | AI3: Data engineer · WS-2 SOCO | AJ3: FE (role to confirm) | AK3: FE (role to confirm) | AL3: FE (role to confirm) | AM3: FE (role to confirm) | AN3: FE (role to confirm) | AO3: =TEXT(AO4,"mmm yy") -> paź yy | AP3: =IF(MONTH(AP4)<>MONTH(AO4),TEXT(AP4,"mmm yy"),"") | AQ3: =IF(MONTH(AQ4)<>MONTH(AP4),TEXT(AQ4,"mmm yy"),"") | AR3: =IF(MONTH(AR4)<>MONTH(AQ4),TEXT(AR4,"mmm yy"),"") -> lis yy | AS3: =IF(MONTH(AS4)<>MONTH(AR4),TEXT(AS4,"mmm yy"),"") | AT3: =IF(MONTH(AT4)<>MONTH(AS4),TEXT(AT4,"mmm yy"),"") | AU3: =IF(MONTH(AU4)<>MONTH(AT4),TEXT(AU4,"mmm yy"),"") | AV3: =IF(MONTH(AV4)<>MONTH(AU4),TEXT(AV4,"mmm yy"),"") | AW3: =IF(MONTH(AW4)<>MONTH(AV4),TEXT(AW4,"mmm yy"),"") -> gru yy | ... CM3: =IF(MONTH(CM4)<>MONTH(CL4),TEXT(CM4,"mmm yy"),"")
A4: ID | B4: Lane | C4: Phase | D4: Workstream | E4: Maturity | F4: Phase / group | G4: Task | H4: Duration days | I4: Start | J4: End | K4: Type | L4: Depends on | M4: Waits for (resource) | N4: Other resource | O4: Days | P4: BA0 | Q4: BA1 | R4: BA2 | S4: BA3 | T4: BA4 | U4: DA0 | V4: DA1 | W4: DA2 | X4: SA1 | Y4: DE1 | Z4: DE2 | AA4: DE3 | AB4: DE4 | AC4: DE5 | AD4: DE6 | AE4: DE7 | AF4: DE8 | AG4: DE9 | AH4: DE10 | AI4: DE11 | AJ4: FE0 | AK4: FE1 | AL4: FE2 | AM4: FE3 | AN4: FE4 | AO4: =$G$2 -> 46307 | AP4: =AO4+7 -> 46314 | AQ4: =AP4+7 -> 46321 | AR4: =AQ4+7 -> 46328 | AS4: =AR4+7 -> 46335 | AT4: =AS4+7 -> 46342 | AU4: =AT4+7 -> 46349 | AV4: =AU4+7 -> 46356 | AW4: =AV4+7 -> 46363 | ... CM4: =CL4+7 -> 46657
A5: T-01 | B5: Mobilisation | C5: Phase 1 | G5: Blueprint workshop (4 days) | H5: 4 | I5: 46314 | J5: =IF(AND(ISNUMBER(I5),ISNUMBER(H5)),I5+H5-1,"") -> 46317 | K5: Task | N5: Architect, MDLZ | O5: =IF(AND(ISNUMBER(I5),ISNUMBER(J5)),J5-I5+1,"") -> 4 | AO5: =IF(AND(ISNUMBER($I5),OR($K5="Milestone",$K5="Deadline"),$I5>=AO$4,$I5<AO$4+7),IF($K5="Deadline","◇","◆"),"") | AP5: =IF(AND(ISNUMBER($I5),OR($K5="Milestone",$K5="Deadline"),$I5>=AP$4,$I5<AP$4+7),IF($K5="Deadline","◇","◆"),"") | AQ5: =IF(AND(ISNUMBER($I5),OR($K5="Milestone",$K5="Deadline"),$I5>=AQ$4,$I5<AQ$4+7),IF($K5="Deadline","◇","◆"),"") | AR5: =IF(AND(ISNUMBER($I5),OR($K5="Milestone",$K5="Deadline"),$I5>=AR$4,$I5<AR$4+7),IF($K5="Deadline","◇","◆"),"") | AS5: =IF(AND(ISNUMBER($I5),OR($K5="Milestone",$K5="Deadline"),$I5>=AS$4,$I5<AS$4+7),IF($K5="Deadline","◇","◆"),"") | AT5: =IF(AND(ISNUMBER($I5),OR($K5="Milestone",$K5="Deadline"),$I5>=AT$4,$I5<AT$4+7),IF($K5="Deadline","◇","◆"),"") | AU5: =IF(AND(ISNUMBER($I5),OR($K5="Milestone",$K5="Deadline"),$I5>=AU$4,$I5<AU$4+7),IF($K5="Deadline","◇","◆"),"") | AV5: =IF(AND(ISNUMBER($I5),OR($K5="Milestone",$K5="Deadline"),$I5>=AV$4,$I5<AV$4+7),IF($K5="Deadline","◇","◆"),"") | ... CM5: =IF(AND(ISNUMBER($I5),OR($K5="Milestone",$K5="Deadline"),$I5>=CM$4,$I5<CM$4+7),IF($K5="Deadline","◇","◆"),"")
A6: T-02 | B6: Mobilisation | C6: Phase 1 | G6: Environments, travel ready | I6: 46326 | J6: =I6 -> 46326 | K6: Milestone | N6: MDLZ platform | O6: =IF(AND(ISNUMBER(I6),ISNUMBER(J6)),J6-I6+1,"") -> 1 | AO6: =IF(AND(ISNUMBER($I6),OR($K6="Milestone",$K6="Deadline"),$I6>=AO$4,$I6<AO$4+7),IF($K6="Deadline","◇","◆"),"") | AP6: =IF(AND(ISNUMBER($I6),OR($K6="Milestone",$K6="Deadline"),$I6>=AP$4,$I6<AP$4+7),IF($K6="Deadline","◇","◆"),"") | AQ6: =IF(AND(ISNUMBER($I6),OR($K6="Milestone",$K6="Deadline"),$I6>=AQ$4,$I6<AQ$4+7),IF($K6="Deadline","◇","◆"),"") -> ◆ | AR6: =IF(AND(ISNUMBER($I6),OR($K6="Milestone",$K6="Deadline"),$I6>=AR$4,$I6<AR$4+7),IF($K6="Deadline","◇","◆"),"") | AS6: =IF(AND(ISNUMBER($I6),OR($K6="Milestone",$K6="Deadline"),$I6>=AS$4,$I6<AS$4+7),IF($K6="Deadline","◇","◆"),"") | AT6: =IF(AND(ISNUMBER($I6),OR($K6="Milestone",$K6="Deadline"),$I6>=AT$4,$I6<AT$4+7),IF($K6="Deadline","◇","◆"),"") | AU6: =IF(AND(ISNUMBER($I6),OR($K6="Milestone",$K6="Deadline"),$I6>=AU$4,$I6<AU$4+7),IF($K6="Deadline","◇","◆"),"") | AV6: =IF(AND(ISNUMBER($I6),OR($K6="Milestone",$K6="Deadline"),$I6>=AV$4,$I6<AV$4+7),IF($K6="Deadline","◇","◆"),"") | ... CM6: =IF(AND(ISNUMBER($I6),OR($K6="Milestone",$K6="Deadline"),$I6>=CM$4,$I6<CM$4+7),IF($K6="Deadline","◇","◆"),"")
A7: T-03 | B7: Mobilisation | C7: Phase 1 | G7: Named team starts | I7: 46335 | J7: =I7 -> 46335 | K7: Milestone | N7: All | O7: =IF(AND(ISNUMBER(I7),ISNUMBER(J7)),J7-I7+1,"") -> 1 | AO7: =IF(AND(ISNUMBER($I7),OR($K7="Milestone",$K7="Deadline"),$I7>=AO$4,$I7<AO$4+7),IF($K7="Deadline","◇","◆"),"") | AP7: =IF(AND(ISNUMBER($I7),OR($K7="Milestone",$K7="Deadline"),$I7>=AP$4,$I7<AP$4+7),IF($K7="Deadline","◇","◆"),"") | AQ7: =IF(AND(ISNUMBER($I7),OR($K7="Milestone",$K7="Deadline"),$I7>=AQ$4,$I7<AQ$4+7),IF($K7="Deadline","◇","◆"),"") | AR7: =IF(AND(ISNUMBER($I7),OR($K7="Milestone",$K7="Deadline"),$I7>=AR$4,$I7<AR$4+7),IF($K7="Deadline","◇","◆"),"") | AS7: =IF(AND(ISNUMBER($I7),OR($K7="Milestone",$K7="Deadline"),$I7>=AS$4,$I7<AS$4+7),IF($K7="Deadline","◇","◆"),"") -> ◆ | AT7: =IF(AND(ISNUMBER($I7),OR($K7="Milestone",$K7="Deadline"),$I7>=AT$4,$I7<AT$4+7),IF($K7="Deadline","◇","◆"),"") | AU7: =IF(AND(ISNUMBER($I7),OR($K7="Milestone",$K7="Deadline"),$I7>=AU$4,$I7<AU$4+7),IF($K7="Deadline","◇","◆"),"") | AV7: =IF(AND(ISNUMBER($I7),OR($K7="Milestone",$K7="Deadline"),$I7>=AV$4,$I7<AV$4+7),IF($K7="Deadline","◇","◆"),"") | ... CM7: =IF(AND(ISNUMBER($I7),OR($K7="Milestone",$K7="Deadline"),$I7>=CM$4,$I7<CM$4+7),IF($K7="Deadline","◇","◆"),"")
A8: T-04 | B8: Dependencies | C8: Phase 1 | G8: DP&E OTC (Sell-In) domain ready | I8: 46327 | J8: =I8 -> 46327 | K8: Milestone | N8: DP&E team | O8: =IF(AND(ISNUMBER(I8),ISNUMBER(J8)),J8-I8+1,"") -> 1 | AO8: =IF(AND(ISNUMBER($I8),OR($K8="Milestone",$K8="Deadline"),$I8>=AO$4,$I8<AO$4+7),IF($K8="Deadline","◇","◆"),"") | AP8: =IF(AND(ISNUMBER($I8),OR($K8="Milestone",$K8="Deadline"),$I8>=AP$4,$I8<AP$4+7),IF($K8="Deadline","◇","◆"),"") | AQ8: =IF(AND(ISNUMBER($I8),OR($K8="Milestone",$K8="Deadline"),$I8>=AQ$4,$I8<AQ$4+7),IF($K8="Deadline","◇","◆"),"") -> ◆ | AR8: =IF(AND(ISNUMBER($I8),OR($K8="Milestone",$K8="Deadline"),$I8>=AR$4,$I8<AR$4+7),IF($K8="Deadline","◇","◆"),"") | AS8: =IF(AND(ISNUMBER($I8),OR($K8="Milestone",$K8="Deadline"),$I8>=AS$4,$I8<AS$4+7),IF($K8="Deadline","◇","◆"),"") | AT8: =IF(AND(ISNUMBER($I8),OR($K8="Milestone",$K8="Deadline"),$I8>=AT$4,$I8<AT$4+7),IF($K8="Deadline","◇","◆"),"") | AU8: =IF(AND(ISNUMBER($I8),OR($K8="Milestone",$K8="Deadline"),$I8>=AU$4,$I8<AU$4+7),IF($K8="Deadline","◇","◆"),"") | AV8: =IF(AND(ISNUMBER($I8),OR($K8="Milestone",$K8="Deadline"),$I8>=AV$4,$I8<AV$4+7),IF($K8="Deadline","◇","◆"),"") | ... CM8: =IF(AND(ISNUMBER($I8),OR($K8="Milestone",$K8="Deadline"),$I8>=CM$4,$I8<CM$4+7),IF($K8="Deadline","◇","◆"),"")
A9: T-05 | B9: Dependencies | C9: Phase 1 | G9: DP&E EPOS (Sell-Out) domain ready | I9: 46327 | J9: =I9 -> 46327 | K9: Milestone | N9: DP&E team | O9: =IF(AND(ISNUMBER(I9),ISNUMBER(J9)),J9-I9+1,"") -> 1 | AO9: =IF(AND(ISNUMBER($I9),OR($K9="Milestone",$K9="Deadline"),$I9>=AO$4,$I9<AO$4+7),IF($K9="Deadline","◇","◆"),"") | AP9: =IF(AND(ISNUMBER($I9),OR($K9="Milestone",$K9="Deadline"),$I9>=AP$4,$I9<AP$4+7),IF($K9="Deadline","◇","◆"),"") | AQ9: =IF(AND(ISNUMBER($I9),OR($K9="Milestone",$K9="Deadline"),$I9>=AQ$4,$I9<AQ$4+7),IF($K9="Deadline","◇","◆"),"") -> ◆ | AR9: =IF(AND(ISNUMBER($I9),OR($K9="Milestone",$K9="Deadline"),$I9>=AR$4,$I9<AR$4+7),IF($K9="Deadline","◇","◆"),"") | AS9: =IF(AND(ISNUMBER($I9),OR($K9="Milestone",$K9="Deadline"),$I9>=AS$4,$I9<AS$4+7),IF($K9="Deadline","◇","◆"),"") | AT9: =IF(AND(ISNUMBER($I9),OR($K9="Milestone",$K9="Deadline"),$I9>=AT$4,$I9<AT$4+7),IF($K9="Deadline","◇","◆"),"") | AU9: =IF(AND(ISNUMBER($I9),OR($K9="Milestone",$K9="Deadline"),$I9>=AU$4,$I9<AU$4+7),IF($K9="Deadline","◇","◆"),"") | AV9: =IF(AND(ISNUMBER($I9),OR($K9="Milestone",$K9="Deadline"),$I9>=AV$4,$I9<AV$4+7),IF($K9="Deadline","◇","◆"),"") | ... CM9: =IF(AND(ISNUMBER($I9),OR($K9="Milestone",$K9="Deadline"),$I9>=CM$4,$I9<CM$4+7),IF($K9="Deadline","◇","◆"),"")
A10: T-06 | B10: Dependencies | C10: Phase 1 | G10: DP&E Distributor (Sell-Out) domain ready | I10: 46327 | J10: =I10 -> 46327 | K10: Milestone | N10: DP&E team | O10: =IF(AND(ISNUMBER(I10),ISNUMBER(J10)),J10-I10+1,"") -> 1 | AO10: =IF(AND(ISNUMBER($I10),OR($K10="Milestone",$K10="Deadline"),$I10>=AO$4,$I10<AO$4+7),IF($K10="Deadline","◇","◆"),"") | AP10: =IF(AND(ISNUMBER($I10),OR($K10="Milestone",$K10="Deadline"),$I10>=AP$4,$I10<AP$4+7),IF($K10="Deadline","◇","◆"),"") | AQ10: =IF(AND(ISNUMBER($I10),OR($K10="Milestone",$K10="Deadline"),$I10>=AQ$4,$I10<AQ$4+7),IF($K10="Deadline","◇","◆"),"") -> ◆ | AR10: =IF(AND(ISNUMBER($I10),OR($K10="Milestone",$K10="Deadline"),$I10>=AR$4,$I10<AR$4+7),IF($K10="Deadline","◇","◆"),"") | AS10: =IF(AND(ISNUMBER($I10),OR($K10="Milestone",$K10="Deadline"),$I10>=AS$4,$I10<AS$4+7),IF($K10="Deadline","◇","◆"),"") | AT10: =IF(AND(ISNUMBER($I10),OR($K10="Milestone",$K10="Deadline"),$I10>=AT$4,$I10<AT$4+7),IF($K10="Deadline","◇","◆"),"") | AU10: =IF(AND(ISNUMBER($I10),OR($K10="Milestone",$K10="Deadline"),$I10>=AU$4,$I10<AU$4+7),IF($K10="Deadline","◇","◆"),"") | AV10: =IF(AND(ISNUMBER($I10),OR($K10="Milestone",$K10="Deadline"),$I10>=AV$4,$I10<AV$4+7),IF($K10="Deadline","◇","◆"),"") | ... CM10: =IF(AND(ISNUMBER($I10),OR($K10="Milestone",$K10="Deadline"),$I10>=CM$4,$I10<CM$4+7),IF($K10="Deadline","◇","◆"),"")
A11: T-07 | B11: Dependencies | C11: Phase 1 | G11: DP&E LAFPA (Customer P&L) domain ready | I11: 46327 | J11: =I11 -> 46327 | K11: Milestone | N11: DP&E team | O11: =IF(AND(ISNUMBER(I11),ISNUMBER(J11)),J11-I11+1,"") -> 1 | AO11: =IF(AND(ISNUMBER($I11),OR($K11="Milestone",$K11="Deadline"),$I11>=AO$4,$I11<AO$4+7),IF($K11="Deadline","◇","◆"),"") | AP11: =IF(AND(ISNUMBER($I11),OR($K11="Milestone",$K11="Deadline"),$I11>=AP$4,$I11<AP$4+7),IF($K11="Deadline","◇","◆"),"") | AQ11: =IF(AND(ISNUMBER($I11),OR($K11="Milestone",$K11="Deadline"),$I11>=AQ$4,$I11<AQ$4+7),IF($K11="Deadline","◇","◆"),"") -> ◆ | AR11: =IF(AND(ISNUMBER($I11),OR($K11="Milestone",$K11="Deadline"),$I11>=AR$4,$I11<AR$4+7),IF($K11="Deadline","◇","◆"),"") | AS11: =IF(AND(ISNUMBER($I11),OR($K11="Milestone",$K11="Deadline"),$I11>=AS$4,$I11<AS$4+7),IF($K11="Deadline","◇","◆"),"") | AT11: =IF(AND(ISNUMBER($I11),OR($K11="Milestone",$K11="Deadline"),$I11>=AT$4,$I11<AT$4+7),IF($K11="Deadline","◇","◆"),"") | AU11: =IF(AND(ISNUMBER($I11),OR($K11="Milestone",$K11="Deadline"),$I11>=AU$4,$I11<AU$4+7),IF($K11="Deadline","◇","◆"),"") | AV11: =IF(AND(ISNUMBER($I11),OR($K11="Milestone",$K11="Deadline"),$I11>=AV$4,$I11<AV$4+7),IF($K11="Deadline","◇","◆"),"") | ... CM11: =IF(AND(ISNUMBER($I11),OR($K11="Milestone",$K11="Deadline"),$I11>=CM$4,$I11<CM$4+7),IF($K11="Deadline","◇","◆"),"")
A12: T-08 | B12: Dependencies | C12: Phase 1 | G12: Other DP&E products (Shipments), needed by | I12: 46342 | J12: =I12 -> 46342 | K12: Deadline | N12: DP&E team | O12: =IF(AND(ISNUMBER(I12),ISNUMBER(J12)),J12-I12+1,"") -> 1 | AO12: =IF(AND(ISNUMBER($I12),OR($K12="Milestone",$K12="Deadline"),$I12>=AO$4,$I12<AO$4+7),IF($K12="Deadline","◇","◆"),"") | AP12: =IF(AND(ISNUMBER($I12),OR($K12="Milestone",$K12="Deadline"),$I12>=AP$4,$I12<AP$4+7),IF($K12="Deadline","◇","◆"),"") | AQ12: =IF(AND(ISNUMBER($I12),OR($K12="Milestone",$K12="Deadline"),$I12>=AQ$4,$I12<AQ$4+7),IF($K12="Deadline","◇","◆"),"") | AR12: =IF(AND(ISNUMBER($I12),OR($K12="Milestone",$K12="Deadline"),$I12>=AR$4,$I12<AR$4+7),IF($K12="Deadline","◇","◆"),"") | AS12: =IF(AND(ISNUMBER($I12),OR($K12="Milestone",$K12="Deadline"),$I12>=AS$4,$I12<AS$4+7),IF($K12="Deadline","◇","◆"),"") | AT12: =IF(AND(ISNUMBER($I12),OR($K12="Milestone",$K12="Deadline"),$I12>=AT$4,$I12<AT$4+7),IF($K12="Deadline","◇","◆"),"") -> ◇ | AU12: =IF(AND(ISNUMBER($I12),OR($K12="Milestone",$K12="Deadline"),$I12>=AU$4,$I12<AU$4+7),IF($K12="Deadline","◇","◆"),"") | AV12: =IF(AND(ISNUMBER($I12),OR($K12="Milestone",$K12="Deadline"),$I12>=AV$4,$I12<AV$4+7),IF($K12="Deadline","◇","◆"),"") | ... CM12: =IF(AND(ISNUMBER($I12),OR($K12="Milestone",$K12="Deadline"),$I12>=CM$4,$I12<CM$4+7),IF($K12="Deadline","◇","◆"),"")
A13: T-09 | B13: Dependencies | C13: Phase 1 | G13: Snacksync database ready for analytics, needed by | I13: 46342 | J13: =I13 -> 46342 | K13: Deadline | N13: MDLZ, Snacksync | O13: =IF(AND(ISNUMBER(I13),ISNUMBER(J13)),J13-I13+1,"") -> 1 | AO13: =IF(AND(ISNUMBER($I13),OR($K13="Milestone",$K13="Deadline"),$I13>=AO$4,$I13<AO$4+7),IF($K13="Deadline","◇","◆"),"") | AP13: =IF(AND(ISNUMBER($I13),OR($K13="Milestone",$K13="Deadline"),$I13>=AP$4,$I13<AP$4+7),IF($K13="Deadline","◇","◆"),"") | AQ13: =IF(AND(ISNUMBER($I13),OR($K13="Milestone",$K13="Deadline"),$I13>=AQ$4,$I13<AQ$4+7),IF($K13="Deadline","◇","◆"),"") | AR13: =IF(AND(ISNUMBER($I13),OR($K13="Milestone",$K13="Deadline"),$I13>=AR$4,$I13<AR$4+7),IF($K13="Deadline","◇","◆"),"") | AS13: =IF(AND(ISNUMBER($I13),OR($K13="Milestone",$K13="Deadline"),$I13>=AS$4,$I13<AS$4+7),IF($K13="Deadline","◇","◆"),"") | AT13: =IF(AND(ISNUMBER($I13),OR($K13="Milestone",$K13="Deadline"),$I13>=AT$4,$I13<AT$4+7),IF($K13="Deadline","◇","◆"),"") -> ◇ | AU13: =IF(AND(ISNUMBER($I13),OR($K13="Milestone",$K13="Deadline"),$I13>=AU$4,$I13<AU$4+7),IF($K13="Deadline","◇","◆"),"") | AV13: =IF(AND(ISNUMBER($I13),OR($K13="Milestone",$K13="Deadline"),$I13>=AV$4,$I13<AV$4+7),IF($K13="Deadline","◇","◆"),"") | ... CM13: =IF(AND(ISNUMBER($I13),OR($K13="Milestone",$K13="Deadline"),$I13>=CM$4,$I13<CM$4+7),IF($K13="Deadline","◇","◆"),"")
A14: T-253 | B14: Dependencies | C14: Phase 1 | G14: Ataccama input and process definition (KPI inventory, DQ checks), needed by | I14: 46357 | J14: =I14 -> 46357 | K14: Deadline | N14: MDLZ Data Governance | O14: =IF(AND(ISNUMBER(I14),ISNUMBER(J14)),J14-I14+1,"") -> 1 | AO14: =IF(AND(ISNUMBER($I14),OR($K14="Milestone",$K14="Deadline"),$I14>=AO$4,$I14<AO$4+7),IF($K14="Deadline","◇","◆"),"") | AP14: =IF(AND(ISNUMBER($I14),OR($K14="Milestone",$K14="Deadline"),$I14>=AP$4,$I14<AP$4+7),IF($K14="Deadline","◇","◆"),"") | AQ14: =IF(AND(ISNUMBER($I14),OR($K14="Milestone",$K14="Deadline"),$I14>=AQ$4,$I14<AQ$4+7),IF($K14="Deadline","◇","◆"),"") | AR14: =IF(AND(ISNUMBER($I14),OR($K14="Milestone",$K14="Deadline"),$I14>=AR$4,$I14<AR$4+7),IF($K14="Deadline","◇","◆"),"") | AS14: =IF(AND(ISNUMBER($I14),OR($K14="Milestone",$K14="Deadline"),$I14>=AS$4,$I14<AS$4+7),IF($K14="Deadline","◇","◆"),"") | AT14: =IF(AND(ISNUMBER($I14),OR($K14="Milestone",$K14="Deadline"),$I14>=AT$4,$I14<AT$4+7),IF($K14="Deadline","◇","◆"),"") | AU14: =IF(AND(ISNUMBER($I14),OR($K14="Milestone",$K14="Deadline"),$I14>=AU$4,$I14<AU$4+7),IF($K14="Deadline","◇","◆"),"") | AV14: =IF(AND(ISNUMBER($I14),OR($K14="Milestone",$K14="Deadline"),$I14>=AV$4,$I14<AV$4+7),IF($K14="Deadline","◇","◆"),"") -> ◇ | ... CM14: =IF(AND(ISNUMBER($I14),OR($K14="Milestone",$K14="Deadline"),$I14>=CM$4,$I14<CM$4+7),IF($K14="Deadline","◇","◆"),"")
A15: T-263 | B15: Dependencies | C15: Phase 2 | G15: Perfect Store Source accessible BR | I15: 46327 | J15: =I15 -> 46327 | K15: Milestone | O15: =IF(AND(ISNUMBER(I15),ISNUMBER(J15)),J15-I15+1,"") -> 1 | AO15: =IF(AND(ISNUMBER($I15),OR($K15="Milestone",$K15="Deadline"),$I15>=AO$4,$I15<AO$4+7),IF($K15="Deadline","◇","◆"),"") | AP15: =IF(AND(ISNUMBER($I15),OR($K15="Milestone",$K15="Deadline"),$I15>=AP$4,$I15<AP$4+7),IF($K15="Deadline","◇","◆"),"") | AQ15: =IF(AND(ISNUMBER($I15),OR($K15="Milestone",$K15="Deadline"),$I15>=AQ$4,$I15<AQ$4+7),IF($K15="Deadline","◇","◆"),"") -> ◆ | AR15: =IF(AND(ISNUMBER($I15),OR($K15="Milestone",$K15="Deadline"),$I15>=AR$4,$I15<AR$4+7),IF($K15="Deadline","◇","◆"),"") | AS15: =IF(AND(ISNUMBER($I15),OR($K15="Milestone",$K15="Deadline"),$I15>=AS$4,$I15<AS$4+7),IF($K15="Deadline","◇","◆"),"") | AT15: =IF(AND(ISNUMBER($I15),OR($K15="Milestone",$K15="Deadline"),$I15>=AT$4,$I15<AT$4+7),IF($K15="Deadline","◇","◆"),"") | AU15: =IF(AND(ISNUMBER($I15),OR($K15="Milestone",$K15="Deadline"),$I15>=AU$4,$I15<AU$4+7),IF($K15="Deadline","◇","◆"),"") | AV15: =IF(AND(ISNUMBER($I15),OR($K15="Milestone",$K15="Deadline"),$I15>=AV$4,$I15<AV$4+7),IF($K15="Deadline","◇","◆"),"") | ... CM15: =IF(AND(ISNUMBER($I15),OR($K15="Milestone",$K15="Deadline"),$I15>=CM$4,$I15<CM$4+7),IF($K15="Deadline","◇","◆"),"")
A16: T-264 | B16: Dependencies | C16: Phase 2 | G16: Perfect Store Source accessible SOCO | I16: 46327 | J16: =I16 -> 46327 | K16: Milestone | O16: =IF(AND(ISNUMBER(I16),ISNUMBER(J16)),J16-I16+1,"") -> 1 | AO16: =IF(AND(ISNUMBER($I16),OR($K16="Milestone",$K16="Deadline"),$I16>=AO$4,$I16<AO$4+7),IF($K16="Deadline","◇","◆"),"") | AP16: =IF(AND(ISNUMBER($I16),OR($K16="Milestone",$K16="Deadline"),$I16>=AP$4,$I16<AP$4+7),IF($K16="Deadline","◇","◆"),"") | AQ16: =IF(AND(ISNUMBER($I16),OR($K16="Milestone",$K16="Deadline"),$I16>=AQ$4,$I16<AQ$4+7),IF($K16="Deadline","◇","◆"),"") -> ◆ | AR16: =IF(AND(ISNUMBER($I16),OR($K16="Milestone",$K16="Deadline"),$I16>=AR$4,$I16<AR$4+7),IF($K16="Deadline","◇","◆"),"") | AS16: =IF(AND(ISNUMBER($I16),OR($K16="Milestone",$K16="Deadline"),$I16>=AS$4,$I16<AS$4+7),IF($K16="Deadline","◇","◆"),"") | AT16: =IF(AND(ISNUMBER($I16),OR($K16="Milestone",$K16="Deadline"),$I16>=AT$4,$I16<AT$4+7),IF($K16="Deadline","◇","◆"),"") | AU16: =IF(AND(ISNUMBER($I16),OR($K16="Milestone",$K16="Deadline"),$I16>=AU$4,$I16<AU$4+7),IF($K16="Deadline","◇","◆"),"") | AV16: =IF(AND(ISNUMBER($I16),OR($K16="Milestone",$K16="Deadline"),$I16>=AV$4,$I16<AV$4+7),IF($K16="Deadline","◇","◆"),"") | ... CM16: =IF(AND(ISNUMBER($I16),OR($K16="Milestone",$K16="Deadline"),$I16>=CM$4,$I16<CM$4+7),IF($K16="Deadline","◇","◆"),"")
A17: T-265 | B17: Dependencies | C17: Phase 2 | G17: Perfect Store Source accessible WACAM | I17: 46327 | J17: =I17 -> 46327 | K17: Milestone | O17: =IF(AND(ISNUMBER(I17),ISNUMBER(J17)),J17-I17+1,"") -> 1 | AO17: =IF(AND(ISNUMBER($I17),OR($K17="Milestone",$K17="Deadline"),$I17>=AO$4,$I17<AO$4+7),IF($K17="Deadline","◇","◆"),"") | AP17: =IF(AND(ISNUMBER($I17),OR($K17="Milestone",$K17="Deadline"),$I17>=AP$4,$I17<AP$4+7),IF($K17="Deadline","◇","◆"),"") | AQ17: =IF(AND(ISNUMBER($I17),OR($K17="Milestone",$K17="Deadline"),$I17>=AQ$4,$I17<AQ$4+7),IF($K17="Deadline","◇","◆"),"") -> ◆ | AR17: =IF(AND(ISNUMBER($I17),OR($K17="Milestone",$K17="Deadline"),$I17>=AR$4,$I17<AR$4+7),IF($K17="Deadline","◇","◆"),"") | AS17: =IF(AND(ISNUMBER($I17),OR($K17="Milestone",$K17="Deadline"),$I17>=AS$4,$I17<AS$4+7),IF($K17="Deadline","◇","◆"),"") | AT17: =IF(AND(ISNUMBER($I17),OR($K17="Milestone",$K17="Deadline"),$I17>=AT$4,$I17<AT$4+7),IF($K17="Deadline","◇","◆"),"") | AU17: =IF(AND(ISNUMBER($I17),OR($K17="Milestone",$K17="Deadline"),$I17>=AU$4,$I17<AU$4+7),IF($K17="Deadline","◇","◆"),"") | AV17: =IF(AND(ISNUMBER($I17),OR($K17="Milestone",$K17="Deadline"),$I17>=AV$4,$I17<AV$4+7),IF($K17="Deadline","◇","◆"),"") | ... CM17: =IF(AND(ISNUMBER($I17),OR($K17="Milestone",$K17="Deadline"),$I17>=CM$4,$I17<CM$4+7),IF($K17="Deadline","◇","◆"),"")
A18: T-266 | B18: Dependencies | C18: Phase 2 | G18: Right Store Source accessible BR | I18: 46327 | J18: =I18 -> 46327 | K18: Milestone | O18: =IF(AND(ISNUMBER(I18),ISNUMBER(J18)),J18-I18+1,"") -> 1 | AO18: =IF(AND(ISNUMBER($I18),OR($K18="Milestone",$K18="Deadline"),$I18>=AO$4,$I18<AO$4+7),IF($K18="Deadline","◇","◆"),"") | AP18: =IF(AND(ISNUMBER($I18),OR($K18="Milestone",$K18="Deadline"),$I18>=AP$4,$I18<AP$4+7),IF($K18="Deadline","◇","◆"),"") | AQ18: =IF(AND(ISNUMBER($I18),OR($K18="Milestone",$K18="Deadline"),$I18>=AQ$4,$I18<AQ$4+7),IF($K18="Deadline","◇","◆"),"") -> ◆ | AR18: =IF(AND(ISNUMBER($I18),OR($K18="Milestone",$K18="Deadline"),$I18>=AR$4,$I18<AR$4+7),IF($K18="Deadline","◇","◆"),"") | AS18: =IF(AND(ISNUMBER($I18),OR($K18="Milestone",$K18="Deadline"),$I18>=AS$4,$I18<AS$4+7),IF($K18="Deadline","◇","◆"),"") | AT18: =IF(AND(ISNUMBER($I18),OR($K18="Milestone",$K18="Deadline"),$I18>=AT$4,$I18<AT$4+7),IF($K18="Deadline","◇","◆"),"") | AU18: =IF(AND(ISNUMBER($I18),OR($K18="Milestone",$K18="Deadline"),$I18>=AU$4,$I18<AU$4+7),IF($K18="Deadline","◇","◆"),"") | AV18: =IF(AND(ISNUMBER($I18),OR($K18="Milestone",$K18="Deadline"),$I18>=AV$4,$I18<AV$4+7),IF($K18="Deadline","◇","◆"),"") | ... CM18: =IF(AND(ISNUMBER($I18),OR($K18="Milestone",$K18="Deadline"),$I18>=CM$4,$I18<CM$4+7),IF($K18="Deadline","◇","◆"),"")
A19: T-267 | B19: Dependencies | C19: Phase 2 | G19: Right Store Source accessible SOCO | I19: 46327 | J19: =I19 -> 46327 | K19: Milestone | O19: =IF(AND(ISNUMBER(I19),ISNUMBER(J19)),J19-I19+1,"") -> 1 | AO19: =IF(AND(ISNUMBER($I19),OR($K19="Milestone",$K19="Deadline"),$I19>=AO$4,$I19<AO$4+7),IF($K19="Deadline","◇","◆"),"") | AP19: =IF(AND(ISNUMBER($I19),OR($K19="Milestone",$K19="Deadline"),$I19>=AP$4,$I19<AP$4+7),IF($K19="Deadline","◇","◆"),"") | AQ19: =IF(AND(ISNUMBER($I19),OR($K19="Milestone",$K19="Deadline"),$I19>=AQ$4,$I19<AQ$4+7),IF($K19="Deadline","◇","◆"),"") -> ◆ | AR19: =IF(AND(ISNUMBER($I19),OR($K19="Milestone",$K19="Deadline"),$I19>=AR$4,$I19<AR$4+7),IF($K19="Deadline","◇","◆"),"") | AS19: =IF(AND(ISNUMBER($I19),OR($K19="Milestone",$K19="Deadline"),$I19>=AS$4,$I19<AS$4+7),IF($K19="Deadline","◇","◆"),"") | AT19: =IF(AND(ISNUMBER($I19),OR($K19="Milestone",$K19="Deadline"),$I19>=AT$4,$I19<AT$4+7),IF($K19="Deadline","◇","◆"),"") | AU19: =IF(AND(ISNUMBER($I19),OR($K19="Milestone",$K19="Deadline"),$I19>=AU$4,$I19<AU$4+7),IF($K19="Deadline","◇","◆"),"") | AV19: =IF(AND(ISNUMBER($I19),OR($K19="Milestone",$K19="Deadline"),$I19>=AV$4,$I19<AV$4+7),IF($K19="Deadline","◇","◆"),"") | ... CM19: =IF(AND(ISNUMBER($I19),OR($K19="Milestone",$K19="Deadline"),$I19>=CM$4,$I19<CM$4+7),IF($K19="Deadline","◇","◆"),"")
A20: T-268 | B20: Dependencies | C20: Phase 2 | G20: Right Store Source accessible WACAM | I20: 46327 | J20: =I20 -> 46327 | K20: Milestone | O20: =IF(AND(ISNUMBER(I20),ISNUMBER(J20)),J20-I20+1,"") -> 1 | AO20: =IF(AND(ISNUMBER($I20),OR($K20="Milestone",$K20="Deadline"),$I20>=AO$4,$I20<AO$4+7),IF($K20="Deadline","◇","◆"),"") | AP20: =IF(AND(ISNUMBER($I20),OR($K20="Milestone",$K20="Deadline"),$I20>=AP$4,$I20<AP$4+7),IF($K20="Deadline","◇","◆"),"") | AQ20: =IF(AND(ISNUMBER($I20),OR($K20="Milestone",$K20="Deadline"),$I20>=AQ$4,$I20<AQ$4+7),IF($K20="Deadline","◇","◆"),"") -> ◆ | AR20: =IF(AND(ISNUMBER($I20),OR($K20="Milestone",$K20="Deadline"),$I20>=AR$4,$I20<AR$4+7),IF($K20="Deadline","◇","◆"),"") | AS20: =IF(AND(ISNUMBER($I20),OR($K20="Milestone",$K20="Deadline"),$I20>=AS$4,$I20<AS$4+7),IF($K20="Deadline","◇","◆"),"") | AT20: =IF(AND(ISNUMBER($I20),OR($K20="Milestone",$K20="Deadline"),$I20>=AT$4,$I20<AT$4+7),IF($K20="Deadline","◇","◆"),"") | AU20: =IF(AND(ISNUMBER($I20),OR($K20="Milestone",$K20="Deadline"),$I20>=AU$4,$I20<AU$4+7),IF($K20="Deadline","◇","◆"),"") | AV20: =IF(AND(ISNUMBER($I20),OR($K20="Milestone",$K20="Deadline"),$I20>=AV$4,$I20<AV$4+7),IF($K20="Deadline","◇","◆"),"") | ... CM20: =IF(AND(ISNUMBER($I20),OR($K20="Milestone",$K20="Deadline"),$I20>=CM$4,$I20<CM$4+7),IF($K20="Deadline","◇","◆"),"")
A21: T-269 | B21: Dependencies | C21: Phase 2 | G21: Market share source accessible MX | I21: 46327 | J21: =I21 -> 46327 | K21: Milestone | O21: =IF(AND(ISNUMBER(I21),ISNUMBER(J21)),J21-I21+1,"") -> 1 | AO21: =IF(AND(ISNUMBER($I21),OR($K21="Milestone",$K21="Deadline"),$I21>=AO$4,$I21<AO$4+7),IF($K21="Deadline","◇","◆"),"") | AP21: =IF(AND(ISNUMBER($I21),OR($K21="Milestone",$K21="Deadline"),$I21>=AP$4,$I21<AP$4+7),IF($K21="Deadline","◇","◆"),"") | AQ21: =IF(AND(ISNUMBER($I21),OR($K21="Milestone",$K21="Deadline"),$I21>=AQ$4,$I21<AQ$4+7),IF($K21="Deadline","◇","◆"),"") -> ◆ | AR21: =IF(AND(ISNUMBER($I21),OR($K21="Milestone",$K21="Deadline"),$I21>=AR$4,$I21<AR$4+7),IF($K21="Deadline","◇","◆"),"") | AS21: =IF(AND(ISNUMBER($I21),OR($K21="Milestone",$K21="Deadline"),$I21>=AS$4,$I21<AS$4+7),IF($K21="Deadline","◇","◆"),"") | AT21: =IF(AND(ISNUMBER($I21),OR($K21="Milestone",$K21="Deadline"),$I21>=AT$4,$I21<AT$4+7),IF($K21="Deadline","◇","◆"),"") | AU21: =IF(AND(ISNUMBER($I21),OR($K21="Milestone",$K21="Deadline"),$I21>=AU$4,$I21<AU$4+7),IF($K21="Deadline","◇","◆"),"") | AV21: =IF(AND(ISNUMBER($I21),OR($K21="Milestone",$K21="Deadline"),$I21>=AV$4,$I21<AV$4+7),IF($K21="Deadline","◇","◆"),"") | ... CM21: =IF(AND(ISNUMBER($I21),OR($K21="Milestone",$K21="Deadline"),$I21>=CM$4,$I21<CM$4+7),IF($K21="Deadline","◇","◆"),"")
A22: T-270 | B22: Dependencies | C22: Phase 2 | G22: Market share source accessible WACAM | I22: 46327 | J22: =I22 -> 46327 | K22: Milestone | O22: =IF(AND(ISNUMBER(I22),ISNUMBER(J22)),J22-I22+1,"") -> 1 | AO22: =IF(AND(ISNUMBER($I22),OR($K22="Milestone",$K22="Deadline"),$I22>=AO$4,$I22<AO$4+7),IF($K22="Deadline","◇","◆"),"") | AP22: =IF(AND(ISNUMBER($I22),OR($K22="Milestone",$K22="Deadline"),$I22>=AP$4,$I22<AP$4+7),IF($K22="Deadline","◇","◆"),"") | AQ22: =IF(AND(ISNUMBER($I22),OR($K22="Milestone",$K22="Deadline"),$I22>=AQ$4,$I22<AQ$4+7),IF($K22="Deadline","◇","◆"),"") -> ◆ | AR22: =IF(AND(ISNUMBER($I22),OR($K22="Milestone",$K22="Deadline"),$I22>=AR$4,$I22<AR$4+7),IF($K22="Deadline","◇","◆"),"") | AS22: =IF(AND(ISNUMBER($I22),OR($K22="Milestone",$K22="Deadline"),$I22>=AS$4,$I22<AS$4+7),IF($K22="Deadline","◇","◆"),"") | AT22: =IF(AND(ISNUMBER($I22),OR($K22="Milestone",$K22="Deadline"),$I22>=AT$4,$I22<AT$4+7),IF($K22="Deadline","◇","◆"),"") | AU22: =IF(AND(ISNUMBER($I22),OR($K22="Milestone",$K22="Deadline"),$I22>=AU$4,$I22<AU$4+7),IF($K22="Deadline","◇","◆"),"") | AV22: =IF(AND(ISNUMBER($I22),OR($K22="Milestone",$K22="Deadline"),$I22>=AV$4,$I22<AV$4+7),IF($K22="Deadline","◇","◆"),"") | ... CM22: =IF(AND(ISNUMBER($I22),OR($K22="Milestone",$K22="Deadline"),$I22>=CM$4,$I22<CM$4+7),IF($K22="Deadline","◇","◆"),"")
A23: T-271 | B23: Dependencies | C23: Phase 2 | G23: Market share source accessible BR | I23: 46327 | J23: =I23 -> 46327 | K23: Milestone | O23: =IF(AND(ISNUMBER(I23),ISNUMBER(J23)),J23-I23+1,"") -> 1 | AO23: =IF(AND(ISNUMBER($I23),OR($K23="Milestone",$K23="Deadline"),$I23>=AO$4,$I23<AO$4+7),IF($K23="Deadline","◇","◆"),"") | AP23: =IF(AND(ISNUMBER($I23),OR($K23="Milestone",$K23="Deadline"),$I23>=AP$4,$I23<AP$4+7),IF($K23="Deadline","◇","◆"),"") | AQ23: =IF(AND(ISNUMBER($I23),OR($K23="Milestone",$K23="Deadline"),$I23>=AQ$4,$I23<AQ$4+7),IF($K23="Deadline","◇","◆"),"") -> ◆ | AR23: =IF(AND(ISNUMBER($I23),OR($K23="Milestone",$K23="Deadline"),$I23>=AR$4,$I23<AR$4+7),IF($K23="Deadline","◇","◆"),"") | AS23: =IF(AND(ISNUMBER($I23),OR($K23="Milestone",$K23="Deadline"),$I23>=AS$4,$I23<AS$4+7),IF($K23="Deadline","◇","◆"),"") | AT23: =IF(AND(ISNUMBER($I23),OR($K23="Milestone",$K23="Deadline"),$I23>=AT$4,$I23<AT$4+7),IF($K23="Deadline","◇","◆"),"") | AU23: =IF(AND(ISNUMBER($I23),OR($K23="Milestone",$K23="Deadline"),$I23>=AU$4,$I23<AU$4+7),IF($K23="Deadline","◇","◆"),"") | AV23: =IF(AND(ISNUMBER($I23),OR($K23="Milestone",$K23="Deadline"),$I23>=AV$4,$I23<AV$4+7),IF($K23="Deadline","◇","◆"),"") | ... CM23: =IF(AND(ISNUMBER($I23),OR($K23="Milestone",$K23="Deadline"),$I23>=CM$4,$I23<CM$4+7),IF($K23="Deadline","◇","◆"),"")
A24: T-272 | B24: Dependencies | C24: Phase 2 | G24: Market share source accessible SOCO | I24: 46327 | J24: =I24 -> 46327 | K24: Milestone | O24: =IF(AND(ISNUMBER(I24),ISNUMBER(J24)),J24-I24+1,"") -> 1 | AO24: =IF(AND(ISNUMBER($I24),OR($K24="Milestone",$K24="Deadline"),$I24>=AO$4,$I24<AO$4+7),IF($K24="Deadline","◇","◆"),"") | AP24: =IF(AND(ISNUMBER($I24),OR($K24="Milestone",$K24="Deadline"),$I24>=AP$4,$I24<AP$4+7),IF($K24="Deadline","◇","◆"),"") | AQ24: =IF(AND(ISNUMBER($I24),OR($K24="Milestone",$K24="Deadline"),$I24>=AQ$4,$I24<AQ$4+7),IF($K24="Deadline","◇","◆"),"") -> ◆ | AR24: =IF(AND(ISNUMBER($I24),OR($K24="Milestone",$K24="Deadline"),$I24>=AR$4,$I24<AR$4+7),IF($K24="Deadline","◇","◆"),"") | AS24: =IF(AND(ISNUMBER($I24),OR($K24="Milestone",$K24="Deadline"),$I24>=AS$4,$I24<AS$4+7),IF($K24="Deadline","◇","◆"),"") | AT24: =IF(AND(ISNUMBER($I24),OR($K24="Milestone",$K24="Deadline"),$I24>=AT$4,$I24<AT$4+7),IF($K24="Deadline","◇","◆"),"") | AU24: =IF(AND(ISNUMBER($I24),OR($K24="Milestone",$K24="Deadline"),$I24>=AU$4,$I24<AU$4+7),IF($K24="Deadline","◇","◆"),"") | AV24: =IF(AND(ISNUMBER($I24),OR($K24="Milestone",$K24="Deadline"),$I24>=AV$4,$I24<AV$4+7),IF($K24="Deadline","◇","◆"),"") | ... CM24: =IF(AND(ISNUMBER($I24),OR($K24="Milestone",$K24="Deadline"),$I24>=CM$4,$I24<CM$4+7),IF($K24="Deadline","◇","◆"),"")
A25: T-279 | B25: Dependencies | C25: Phase 2 | G25: PIF ready for ingestion | I25: 46327 | J25: =I25 -> 46327 | K25: Milestone | O25: =IF(AND(ISNUMBER(I25),ISNUMBER(J25)),J25-I25+1,"") -> 1 | AO25: =IF(AND(ISNUMBER($I25),OR($K25="Milestone",$K25="Deadline"),$I25>=AO$4,$I25<AO$4+7),IF($K25="Deadline","◇","◆"),"") | AP25: =IF(AND(ISNUMBER($I25),OR($K25="Milestone",$K25="Deadline"),$I25>=AP$4,$I25<AP$4+7),IF($K25="Deadline","◇","◆"),"") | AQ25: =IF(AND(ISNUMBER($I25),OR($K25="Milestone",$K25="Deadline"),$I25>=AQ$4,$I25<AQ$4+7),IF($K25="Deadline","◇","◆"),"") -> ◆ | AR25: =IF(AND(ISNUMBER($I25),OR($K25="Milestone",$K25="Deadline"),$I25>=AR$4,$I25<AR$4+7),IF($K25="Deadline","◇","◆"),"") | AS25: =IF(AND(ISNUMBER($I25),OR($K25="Milestone",$K25="Deadline"),$I25>=AS$4,$I25<AS$4+7),IF($K25="Deadline","◇","◆"),"") | AT25: =IF(AND(ISNUMBER($I25),OR($K25="Milestone",$K25="Deadline"),$I25>=AT$4,$I25<AT$4+7),IF($K25="Deadline","◇","◆"),"") | AU25: =IF(AND(ISNUMBER($I25),OR($K25="Milestone",$K25="Deadline"),$I25>=AU$4,$I25<AU$4+7),IF($K25="Deadline","◇","◆"),"") | AV25: =IF(AND(ISNUMBER($I25),OR($K25="Milestone",$K25="Deadline"),$I25>=AV$4,$I25<AV$4+7),IF($K25="Deadline","◇","◆"),"") | ... CM25: =IF(AND(ISNUMBER($I25),OR($K25="Milestone",$K25="Deadline"),$I25>=CM$4,$I25<CM$4+7),IF($K25="Deadline","◇","◆"),"")
A26: T-256 | B26: Phase gates (SOW) | C26: Shared | G26: Gate 1 · Blueprint and working prototype sign-off | I26: 46418 | J26: =I26 -> 46418 | K26: Milestone | N26: MDLZ Product Lead; DP&E, Architecture, Data Governance, Business, Product | O26: =IF(AND(ISNUMBER(I26),ISNUMBER(J26)),J26-I26+1,"") -> 1 | AO26: =IF(AND(ISNUMBER($I26),OR($K26="Milestone",$K26="Deadline"),$I26>=AO$4,$I26<AO$4+7),IF($K26="Deadline","◇","◆"),"") | AP26: =IF(AND(ISNUMBER($I26),OR($K26="Milestone",$K26="Deadline"),$I26>=AP$4,$I26<AP$4+7),IF($K26="Deadline","◇","◆"),"") | AQ26: =IF(AND(ISNUMBER($I26),OR($K26="Milestone",$K26="Deadline"),$I26>=AQ$4,$I26<AQ$4+7),IF($K26="Deadline","◇","◆"),"") | AR26: =IF(AND(ISNUMBER($I26),OR($K26="Milestone",$K26="Deadline"),$I26>=AR$4,$I26<AR$4+7),IF($K26="Deadline","◇","◆"),"") | AS26: =IF(AND(ISNUMBER($I26),OR($K26="Milestone",$K26="Deadline"),$I26>=AS$4,$I26<AS$4+7),IF($K26="Deadline","◇","◆"),"") | AT26: =IF(AND(ISNUMBER($I26),OR($K26="Milestone",$K26="Deadline"),$I26>=AT$4,$I26<AT$4+7),IF($K26="Deadline","◇","◆"),"") | AU26: =IF(AND(ISNUMBER($I26),OR($K26="Milestone",$K26="Deadline"),$I26>=AU$4,$I26<AU$4+7),IF($K26="Deadline","◇","◆"),"") | AV26: =IF(AND(ISNUMBER($I26),OR($K26="Milestone",$K26="Deadline"),$I26>=AV$4,$I26<AV$4+7),IF($K26="Deadline","◇","◆"),"") | ... CM26: =IF(AND(ISNUMBER($I26),OR($K26="Milestone",$K26="Deadline"),$I26>=CM$4,$I26<CM$4+7),IF($K26="Deadline","◇","◆"),"")
A27: T-257 | B27: Phase gates (SOW) | C27: Shared | G27: Gate 2 · Migration complete | I27: 46477 | J27: =I27 -> 46477 | K27: Milestone | N27: MDLZ Product Lead, CDRB | O27: =IF(AND(ISNUMBER(I27),ISNUMBER(J27)),J27-I27+1,"") -> 1 | AO27: =IF(AND(ISNUMBER($I27),OR($K27="Milestone",$K27="Deadline"),$I27>=AO$4,$I27<AO$4+7),IF($K27="Deadline","◇","◆"),"") | AP27: =IF(AND(ISNUMBER($I27),OR($K27="Milestone",$K27="Deadline"),$I27>=AP$4,$I27<AP$4+7),IF($K27="Deadline","◇","◆"),"") | AQ27: =IF(AND(ISNUMBER($I27),OR($K27="Milestone",$K27="Deadline"),$I27>=AQ$4,$I27<AQ$4+7),IF($K27="Deadline","◇","◆"),"") | AR27: =IF(AND(ISNUMBER($I27),OR($K27="Milestone",$K27="Deadline"),$I27>=AR$4,$I27<AR$4+7),IF($K27="Deadline","◇","◆"),"") | AS27: =IF(AND(ISNUMBER($I27),OR($K27="Milestone",$K27="Deadline"),$I27>=AS$4,$I27<AS$4+7),IF($K27="Deadline","◇","◆"),"") | AT27: =IF(AND(ISNUMBER($I27),OR($K27="Milestone",$K27="Deadline"),$I27>=AT$4,$I27<AT$4+7),IF($K27="Deadline","◇","◆"),"") | AU27: =IF(AND(ISNUMBER($I27),OR($K27="Milestone",$K27="Deadline"),$I27>=AU$4,$I27<AU$4+7),IF($K27="Deadline","◇","◆"),"") | AV27: =IF(AND(ISNUMBER($I27),OR($K27="Milestone",$K27="Deadline"),$I27>=AV$4,$I27<AV$4+7),IF($K27="Deadline","◇","◆"),"") | ... CM27: =IF(AND(ISNUMBER($I27),OR($K27="Milestone",$K27="Deadline"),$I27>=CM$4,$I27<CM$4+7),IF($K27="Deadline","◇","◆"),"")
A28: T-258 | B28: Phase gates (SOW) | C28: Shared | G28: Gate 3 · User testing complete | I28: 46568 | J28: =I28 -> 46568 | K28: Milestone | N28: MDLZ Product Lead, CDRB | O28: =IF(AND(ISNUMBER(I28),ISNUMBER(J28)),J28-I28+1,"") -> 1 | AO28: =IF(AND(ISNUMBER($I28),OR($K28="Milestone",$K28="Deadline"),$I28>=AO$4,$I28<AO$4+7),IF($K28="Deadline","◇","◆"),"") | AP28: =IF(AND(ISNUMBER($I28),OR($K28="Milestone",$K28="Deadline"),$I28>=AP$4,$I28<AP$4+7),IF($K28="Deadline","◇","◆"),"") | AQ28: =IF(AND(ISNUMBER($I28),OR($K28="Milestone",$K28="Deadline"),$I28>=AQ$4,$I28<AQ$4+7),IF($K28="Deadline","◇","◆"),"") | AR28: =IF(AND(ISNUMBER($I28),OR($K28="Milestone",$K28="Deadline"),$I28>=AR$4,$I28<AR$4+7),IF($K28="Deadline","◇","◆"),"") | AS28: =IF(AND(ISNUMBER($I28),OR($K28="Milestone",$K28="Deadline"),$I28>=AS$4,$I28<AS$4+7),IF($K28="Deadline","◇","◆"),"") | AT28: =IF(AND(ISNUMBER($I28),OR($K28="Milestone",$K28="Deadline"),$I28>=AT$4,$I28<AT$4+7),IF($K28="Deadline","◇","◆"),"") | AU28: =IF(AND(ISNUMBER($I28),OR($K28="Milestone",$K28="Deadline"),$I28>=AU$4,$I28<AU$4+7),IF($K28="Deadline","◇","◆"),"") | AV28: =IF(AND(ISNUMBER($I28),OR($K28="Milestone",$K28="Deadline"),$I28>=AV$4,$I28<AV$4+7),IF($K28="Deadline","◇","◆"),"") | ... CM28: =IF(AND(ISNUMBER($I28),OR($K28="Milestone",$K28="Deadline"),$I28>=CM$4,$I28<CM$4+7),IF($K28="Deadline","◇","◆"),"")
A29: T-259 | B29: Phase gates (SOW) | C29: Shared | G29: Gate 4 · Integration test and UAT acceptance (go / no-go) | I29: 46630 | J29: =I29 -> 46630 | K29: Milestone | N29: MDLZ Product Lead, CDRB | O29: =IF(AND(ISNUMBER(I29),ISNUMBER(J29)),J29-I29+1,"") -> 1 | AO29: =IF(AND(ISNUMBER($I29),OR($K29="Milestone",$K29="Deadline"),$I29>=AO$4,$I29<AO$4+7),IF($K29="Deadline","◇","◆"),"") | AP29: =IF(AND(ISNUMBER($I29),OR($K29="Milestone",$K29="Deadline"),$I29>=AP$4,$I29<AP$4+7),IF($K29="Deadline","◇","◆"),"") | AQ29: =IF(AND(ISNUMBER($I29),OR($K29="Milestone",$K29="Deadline"),$I29>=AQ$4,$I29<AQ$4+7),IF($K29="Deadline","◇","◆"),"") | AR29: =IF(AND(ISNUMBER($I29),OR($K29="Milestone",$K29="Deadline"),$I29>=AR$4,$I29<AR$4+7),IF($K29="Deadline","◇","◆"),"") | AS29: =IF(AND(ISNUMBER($I29),OR($K29="Milestone",$K29="Deadline"),$I29>=AS$4,$I29<AS$4+7),IF($K29="Deadline","◇","◆"),"") | AT29: =IF(AND(ISNUMBER($I29),OR($K29="Milestone",$K29="Deadline"),$I29>=AT$4,$I29<AT$4+7),IF($K29="Deadline","◇","◆"),"") | AU29: =IF(AND(ISNUMBER($I29),OR($K29="Milestone",$K29="Deadline"),$I29>=AU$4,$I29<AU$4+7),IF($K29="Deadline","◇","◆"),"") | AV29: =IF(AND(ISNUMBER($I29),OR($K29="Milestone",$K29="Deadline"),$I29>=AV$4,$I29<AV$4+7),IF($K29="Deadline","◇","◆"),"") | ... CM29: =IF(AND(ISNUMBER($I29),OR($K29="Milestone",$K29="Deadline"),$I29>=CM$4,$I29<CM$4+7),IF($K29="Deadline","◇","◆"),"")
A30: T-260 | B30: Phase gates (SOW) | C30: Shared | G30: Gate 5 · Production readiness and go-live | I30: 46691 | J30: =I30 -> 46691 | K30: Milestone | N30: MDLZ Product team | O30: =IF(AND(ISNUMBER(I30),ISNUMBER(J30)),J30-I30+1,"") -> 1 | AO30: =IF(AND(ISNUMBER($I30),OR($K30="Milestone",$K30="Deadline"),$I30>=AO$4,$I30<AO$4+7),IF($K30="Deadline","◇","◆"),"") | AP30: =IF(AND(ISNUMBER($I30),OR($K30="Milestone",$K30="Deadline"),$I30>=AP$4,$I30<AP$4+7),IF($K30="Deadline","◇","◆"),"") | AQ30: =IF(AND(ISNUMBER($I30),OR($K30="Milestone",$K30="Deadline"),$I30>=AQ$4,$I30<AQ$4+7),IF($K30="Deadline","◇","◆"),"") | AR30: =IF(AND(ISNUMBER($I30),OR($K30="Milestone",$K30="Deadline"),$I30>=AR$4,$I30<AR$4+7),IF($K30="Deadline","◇","◆"),"") | AS30: =IF(AND(ISNUMBER($I30),OR($K30="Milestone",$K30="Deadline"),$I30>=AS$4,$I30<AS$4+7),IF($K30="Deadline","◇","◆"),"") | AT30: =IF(AND(ISNUMBER($I30),OR($K30="Milestone",$K30="Deadline"),$I30>=AT$4,$I30<AT$4+7),IF($K30="Deadline","◇","◆"),"") | AU30: =IF(AND(ISNUMBER($I30),OR($K30="Milestone",$K30="Deadline"),$I30>=AU$4,$I30<AU$4+7),IF($K30="Deadline","◇","◆"),"") | AV30: =IF(AND(ISNUMBER($I30),OR($K30="Milestone",$K30="Deadline"),$I30>=AV$4,$I30<AV$4+7),IF($K30="Deadline","◇","◆"),"") | ... CM30: =IF(AND(ISNUMBER($I30),OR($K30="Milestone",$K30="Deadline"),$I30>=CM$4,$I30<CM$4+7),IF($K30="Deadline","◇","◆"),"")
A31: T-261 | B31: Phase gates (SOW) | C31: Shared | G31: Gate 6 · Hypercare exit and transition to support | I31: 46752 | J31: =I31 -> 46752 | K31: Milestone | N31: MDLZ AMS and Product team leads | O31: =IF(AND(ISNUMBER(I31),ISNUMBER(J31)),J31-I31+1,"") -> 1 | AO31: =IF(AND(ISNUMBER($I31),OR($K31="Milestone",$K31="Deadline"),$I31>=AO$4,$I31<AO$4+7),IF($K31="Deadline","◇","◆"),"") | AP31: =IF(AND(ISNUMBER($I31),OR($K31="Milestone",$K31="Deadline"),$I31>=AP$4,$I31<AP$4+7),IF($K31="Deadline","◇","◆"),"") | AQ31: =IF(AND(ISNUMBER($I31),OR($K31="Milestone",$K31="Deadline"),$I31>=AQ$4,$I31<AQ$4+7),IF($K31="Deadline","◇","◆"),"") | AR31: =IF(AND(ISNUMBER($I31),OR($K31="Milestone",$K31="Deadline"),$I31>=AR$4,$I31<AR$4+7),IF($K31="Deadline","◇","◆"),"") | AS31: =IF(AND(ISNUMBER($I31),OR($K31="Milestone",$K31="Deadline"),$I31>=AS$4,$I31<AS$4+7),IF($K31="Deadline","◇","◆"),"") | AT31: =IF(AND(ISNUMBER($I31),OR($K31="Milestone",$K31="Deadline"),$I31>=AT$4,$I31<AT$4+7),IF($K31="Deadline","◇","◆"),"") | AU31: =IF(AND(ISNUMBER($I31),OR($K31="Milestone",$K31="Deadline"),$I31>=AU$4,$I31<AU$4+7),IF($K31="Deadline","◇","◆"),"") | AV31: =IF(AND(ISNUMBER($I31),OR($K31="Milestone",$K31="Deadline"),$I31>=AV$4,$I31<AV$4+7),IF($K31="Deadline","◇","◆"),"") | ... CM31: =IF(AND(ISNUMBER($I31),OR($K31="Milestone",$K31="Deadline"),$I31>=CM$4,$I31<CM$4+7),IF($K31="Deadline","◇","◆"),"")
A32: T-395 | B32: Phase gates (SOW) | C32: Shared | G32: Phase 3 complete, needed by | I32: 46507 | J32: =I32 -> 46507 | K32: Deadline | N32: Project team | O32: =IF(AND(ISNUMBER(I32),ISNUMBER(J32)),J32-I32+1,"") -> 1 | AO32: =IF(AND(ISNUMBER($I32),OR($K32="Milestone",$K32="Deadline"),$I32>=AO$4,$I32<AO$4+7),IF($K32="Deadline","◇","◆"),"") | AP32: =IF(AND(ISNUMBER($I32),OR($K32="Milestone",$K32="Deadline"),$I32>=AP$4,$I32<AP$4+7),IF($K32="Deadline","◇","◆"),"") | AQ32: =IF(AND(ISNUMBER($I32),OR($K32="Milestone",$K32="Deadline"),$I32>=AQ$4,$I32<AQ$4+7),IF($K32="Deadline","◇","◆"),"") | AR32: =IF(AND(ISNUMBER($I32),OR($K32="Milestone",$K32="Deadline"),$I32>=AR$4,$I32<AR$4+7),IF($K32="Deadline","◇","◆"),"") | AS32: =IF(AND(ISNUMBER($I32),OR($K32="Milestone",$K32="Deadline"),$I32>=AS$4,$I32<AS$4+7),IF($K32="Deadline","◇","◆"),"") | AT32: =IF(AND(ISNUMBER($I32),OR($K32="Milestone",$K32="Deadline"),$I32>=AT$4,$I32<AT$4+7),IF($K32="Deadline","◇","◆"),"") | AU32: =IF(AND(ISNUMBER($I32),OR($K32="Milestone",$K32="Deadline"),$I32>=AU$4,$I32<AU$4+7),IF($K32="Deadline","◇","◆"),"") | AV32: =IF(AND(ISNUMBER($I32),OR($K32="Milestone",$K32="Deadline"),$I32>=AV$4,$I32<AV$4+7),IF($K32="Deadline","◇","◆"),"") | ... CM32: =IF(AND(ISNUMBER($I32),OR($K32="Milestone",$K32="Deadline"),$I32>=CM$4,$I32<CM$4+7),IF($K32="Deadline","◇","◆"),"")
A33: T-10 | B33: Foundations | C33: Phase 1 | F33: Phase 1 · Foundations | G33: Audit design | H33: 7 | I33: 46335 | J33: =IF(AND(ISNUMBER(I33),ISNUMBER(H33)),I33+H33-1,"") -> 46341 | K33: Task | O33: =IF(AND(ISNUMBER(I33),ISNUMBER(J33)),J33-I33+1,"") -> 7 | U33: x | V33: x | X33: x | Z33: x | AO33: =IF(AND(ISNUMBER($I33),OR($K33="Milestone",$K33="Deadline"),$I33>=AO$4,$I33<AO$4+7),IF($K33="Deadline","◇","◆"),"") | AP33: =IF(AND(ISNUMBER($I33),OR($K33="Milestone",$K33="Deadline"),$I33>=AP$4,$I33<AP$4+7),IF($K33="Deadline","◇","◆"),"") | AQ33: =IF(AND(ISNUMBER($I33),OR($K33="Milestone",$K33="Deadline"),$I33>=AQ$4,$I33<AQ$4+7),IF($K33="Deadline","◇","◆"),"") | AR33: =IF(AND(ISNUMBER($I33),OR($K33="Milestone",$K33="Deadline"),$I33>=AR$4,$I33<AR$4+7),IF($K33="Deadline","◇","◆"),"") | AS33: =IF(AND(ISNUMBER($I33),OR($K33="Milestone",$K33="Deadline"),$I33>=AS$4,$I33<AS$4+7),IF($K33="Deadline","◇","◆"),"") | AT33: =IF(AND(ISNUMBER($I33),OR($K33="Milestone",$K33="Deadline"),$I33>=AT$4,$I33<AT$4+7),IF($K33="Deadline","◇","◆"),"") | AU33: =IF(AND(ISNUMBER($I33),OR($K33="Milestone",$K33="Deadline"),$I33>=AU$4,$I33<AU$4+7),IF($K33="Deadline","◇","◆"),"") | AV33: =IF(AND(ISNUMBER($I33),OR($K33="Milestone",$K33="Deadline"),$I33>=AV$4,$I33<AV$4+7),IF($K33="Deadline","◇","◆"),"") | ... CM33: =IF(AND(ISNUMBER($I33),OR($K33="Milestone",$K33="Deadline"),$I33>=CM$4,$I33<CM$4+7),IF($K33="Deadline","◇","◆"),"")
A34: T-11 | B34: Foundations | C34: Phase 1 | F34: Phase 1 · Foundations | G34: Log design | H34: 7 | I34: =MAX($C$2,J33+1,J42+1) -> 46349 | J34: =IF(AND(ISNUMBER(I34),ISNUMBER(H34)),I34+H34-1,"") -> 46355 | K34: Task | L34: T-10 | M34: T-19 | O34: =IF(AND(ISNUMBER(I34),ISNUMBER(J34)),J34-I34+1,"") -> 7 | U34: x | V34: x | X34: x | AE34: x | AO34: =IF(AND(ISNUMBER($I34),OR($K34="Milestone",$K34="Deadline"),$I34>=AO$4,$I34<AO$4+7),IF($K34="Deadline","◇","◆"),"") | AP34: =IF(AND(ISNUMBER($I34),OR($K34="Milestone",$K34="Deadline"),$I34>=AP$4,$I34<AP$4+7),IF($K34="Deadline","◇","◆"),"") | AQ34: =IF(AND(ISNUMBER($I34),OR($K34="Milestone",$K34="Deadline"),$I34>=AQ$4,$I34<AQ$4+7),IF($K34="Deadline","◇","◆"),"") | AR34: =IF(AND(ISNUMBER($I34),OR($K34="Milestone",$K34="Deadline"),$I34>=AR$4,$I34<AR$4+7),IF($K34="Deadline","◇","◆"),"") | AS34: =IF(AND(ISNUMBER($I34),OR($K34="Milestone",$K34="Deadline"),$I34>=AS$4,$I34<AS$4+7),IF($K34="Deadline","◇","◆"),"") | AT34: =IF(AND(ISNUMBER($I34),OR($K34="Milestone",$K34="Deadline"),$I34>=AT$4,$I34<AT$4+7),IF($K34="Deadline","◇","◆"),"") | AU34: =IF(AND(ISNUMBER($I34),OR($K34="Milestone",$K34="Deadline"),$I34>=AU$4,$I34<AU$4+7),IF($K34="Deadline","◇","◆"),"") | AV34: =IF(AND(ISNUMBER($I34),OR($K34="Milestone",$K34="Deadline"),$I34>=AV$4,$I34<AV$4+7),IF($K34="Deadline","◇","◆"),"") | ... CM34: =IF(AND(ISNUMBER($I34),OR($K34="Milestone",$K34="Deadline"),$I34>=CM$4,$I34<CM$4+7),IF($K34="Deadline","◇","◆"),"")
A35: T-12 | B35: Foundations | C35: Phase 1 | F35: Phase 1 · Foundations | G35: Data quality checks design | H35: 14 | I35: =MAX(DATE(2026,11,9),J78+1) -> 46335 | J35: =IF(AND(ISNUMBER(I35),ISNUMBER(H35)),I35+H35-1,"") -> 46348 | K35: Task | M35: T-244 | O35: =IF(AND(ISNUMBER(I35),ISNUMBER(J35)),J35-I35+1,"") -> 14 | U35: x | W35: x | X35: x | AD35: x | AO35: =IF(AND(ISNUMBER($I35),OR($K35="Milestone",$K35="Deadline"),$I35>=AO$4,$I35<AO$4+7),IF($K35="Deadline","◇","◆"),"") | AP35: =IF(AND(ISNUMBER($I35),OR($K35="Milestone",$K35="Deadline"),$I35>=AP$4,$I35<AP$4+7),IF($K35="Deadline","◇","◆"),"") | AQ35: =IF(AND(ISNUMBER($I35),OR($K35="Milestone",$K35="Deadline"),$I35>=AQ$4,$I35<AQ$4+7),IF($K35="Deadline","◇","◆"),"") | AR35: =IF(AND(ISNUMBER($I35),OR($K35="Milestone",$K35="Deadline"),$I35>=AR$4,$I35<AR$4+7),IF($K35="Deadline","◇","◆"),"") | AS35: =IF(AND(ISNUMBER($I35),OR($K35="Milestone",$K35="Deadline"),$I35>=AS$4,$I35<AS$4+7),IF($K35="Deadline","◇","◆"),"") | AT35: =IF(AND(ISNUMBER($I35),OR($K35="Milestone",$K35="Deadline"),$I35>=AT$4,$I35<AT$4+7),IF($K35="Deadline","◇","◆"),"") | AU35: =IF(AND(ISNUMBER($I35),OR($K35="Milestone",$K35="Deadline"),$I35>=AU$4,$I35<AU$4+7),IF($K35="Deadline","◇","◆"),"") | AV35: =IF(AND(ISNUMBER($I35),OR($K35="Milestone",$K35="Deadline"),$I35>=AV$4,$I35<AV$4+7),IF($K35="Deadline","◇","◆"),"") | ... CM35: =IF(AND(ISNUMBER($I35),OR($K35="Milestone",$K35="Deadline"),$I35>=CM$4,$I35<CM$4+7),IF($K35="Deadline","◇","◆"),"")
A36: T-13 | B36: Foundations | C36: Phase 1 | F36: Phase 1 · Foundations | G36: Custom tags design | H36: 7 | I36: =MAX($C$2,J34+1) -> 46356 | J36: =IF(AND(ISNUMBER(I36),ISNUMBER(H36)),I36+H36-1,"") -> 46362 | K36: Task | L36: T-11 | O36: =IF(AND(ISNUMBER(I36),ISNUMBER(J36)),J36-I36+1,"") -> 7 | U36: x | X36: x | AH36: x | AO36: =IF(AND(ISNUMBER($I36),OR($K36="Milestone",$K36="Deadline"),$I36>=AO$4,$I36<AO$4+7),IF($K36="Deadline","◇","◆"),"") | AP36: =IF(AND(ISNUMBER($I36),OR($K36="Milestone",$K36="Deadline"),$I36>=AP$4,$I36<AP$4+7),IF($K36="Deadline","◇","◆"),"") | AQ36: =IF(AND(ISNUMBER($I36),OR($K36="Milestone",$K36="Deadline"),$I36>=AQ$4,$I36<AQ$4+7),IF($K36="Deadline","◇","◆"),"") | AR36: =IF(AND(ISNUMBER($I36),OR($K36="Milestone",$K36="Deadline"),$I36>=AR$4,$I36<AR$4+7),IF($K36="Deadline","◇","◆"),"") | AS36: =IF(AND(ISNUMBER($I36),OR($K36="Milestone",$K36="Deadline"),$I36>=AS$4,$I36<AS$4+7),IF($K36="Deadline","◇","◆"),"") | AT36: =IF(AND(ISNUMBER($I36),OR($K36="Milestone",$K36="Deadline"),$I36>=AT$4,$I36<AT$4+7),IF($K36="Deadline","◇","◆"),"") | AU36: =IF(AND(ISNUMBER($I36),OR($K36="Milestone",$K36="Deadline"),$I36>=AU$4,$I36<AU$4+7),IF($K36="Deadline","◇","◆"),"") | AV36: =IF(AND(ISNUMBER($I36),OR($K36="Milestone",$K36="Deadline"),$I36>=AV$4,$I36<AV$4+7),IF($K36="Deadline","◇","◆"),"") | ... CM36: =IF(AND(ISNUMBER($I36),OR($K36="Milestone",$K36="Deadline"),$I36>=CM$4,$I36<CM$4+7),IF($K36="Deadline","◇","◆"),"")
A37: T-14 | B37: Foundations | C37: Phase 1 | F37: Phase 1 · Foundations | G37: Notebook template | H37: 14 | I37: =MAX($C$2,J35+1,J199+1) -> 46349 | J37: =IF(AND(ISNUMBER(I37),ISNUMBER(H37)),I37+H37-1,"") -> 46362 | K37: Task | L37: T-12 | M37: T-275 | O37: =IF(AND(ISNUMBER(I37),ISNUMBER(J37)),J37-I37+1,"") -> 14 | U37: x | V37: x | W37: x | X37: x | AI37: x | AO37: =IF(AND(ISNUMBER($I37),OR($K37="Milestone",$K37="Deadline"),$I37>=AO$4,$I37<AO$4+7),IF($K37="Deadline","◇","◆"),"") | AP37: =IF(AND(ISNUMBER($I37),OR($K37="Milestone",$K37="Deadline"),$I37>=AP$4,$I37<AP$4+7),IF($K37="Deadline","◇","◆"),"") | AQ37: =IF(AND(ISNUMBER($I37),OR($K37="Milestone",$K37="Deadline"),$I37>=AQ$4,$I37<AQ$4+7),IF($K37="Deadline","◇","◆"),"") | AR37: =IF(AND(ISNUMBER($I37),OR($K37="Milestone",$K37="Deadline"),$I37>=AR$4,$I37<AR$4+7),IF($K37="Deadline","◇","◆"),"") | AS37: =IF(AND(ISNUMBER($I37),OR($K37="Milestone",$K37="Deadline"),$I37>=AS$4,$I37<AS$4+7),IF($K37="Deadline","◇","◆"),"") | AT37: =IF(AND(ISNUMBER($I37),OR($K37="Milestone",$K37="Deadline"),$I37>=AT$4,$I37<AT$4+7),IF($K37="Deadline","◇","◆"),"") | AU37: =IF(AND(ISNUMBER($I37),OR($K37="Milestone",$K37="Deadline"),$I37>=AU$4,$I37<AU$4+7),IF($K37="Deadline","◇","◆"),"") | AV37: =IF(AND(ISNUMBER($I37),OR($K37="Milestone",$K37="Deadline"),$I37>=AV$4,$I37<AV$4+7),IF($K37="Deadline","◇","◆"),"") | ... CM37: =IF(AND(ISNUMBER($I37),OR($K37="Milestone",$K37="Deadline"),$I37>=CM$4,$I37<CM$4+7),IF($K37="Deadline","◇","◆"),"")
A38: T-15 | B38: Foundations | C38: Phase 1 | F38: Phase 1 · Foundations | G38: Test dataset ZZ design | H38: 14 | I38: =MAX($C$2,J36+1,J215+1) -> 46363 | J38: =IF(AND(ISNUMBER(I38),ISNUMBER(H38)),I38+H38-1,"") -> 46376 | K38: Task | L38: T-13 | M38: T-276 | O38: =IF(AND(ISNUMBER(I38),ISNUMBER(J38)),J38-I38+1,"") -> 14 | U38: x | V38: x | W38: x | X38: x | Z38: x | AO38: =IF(AND(ISNUMBER($I38),OR($K38="Milestone",$K38="Deadline"),$I38>=AO$4,$I38<AO$4+7),IF($K38="Deadline","◇","◆"),"") | AP38: =IF(AND(ISNUMBER($I38),OR($K38="Milestone",$K38="Deadline"),$I38>=AP$4,$I38<AP$4+7),IF($K38="Deadline","◇","◆"),"") | AQ38: =IF(AND(ISNUMBER($I38),OR($K38="Milestone",$K38="Deadline"),$I38>=AQ$4,$I38<AQ$4+7),IF($K38="Deadline","◇","◆"),"") | AR38: =IF(AND(ISNUMBER($I38),OR($K38="Milestone",$K38="Deadline"),$I38>=AR$4,$I38<AR$4+7),IF($K38="Deadline","◇","◆"),"") | AS38: =IF(AND(ISNUMBER($I38),OR($K38="Milestone",$K38="Deadline"),$I38>=AS$4,$I38<AS$4+7),IF($K38="Deadline","◇","◆"),"") | AT38: =IF(AND(ISNUMBER($I38),OR($K38="Milestone",$K38="Deadline"),$I38>=AT$4,$I38<AT$4+7),IF($K38="Deadline","◇","◆"),"") | AU38: =IF(AND(ISNUMBER($I38),OR($K38="Milestone",$K38="Deadline"),$I38>=AU$4,$I38<AU$4+7),IF($K38="Deadline","◇","◆"),"") | AV38: =IF(AND(ISNUMBER($I38),OR($K38="Milestone",$K38="Deadline"),$I38>=AV$4,$I38<AV$4+7),IF($K38="Deadline","◇","◆"),"") | ... CM38: =IF(AND(ISNUMBER($I38),OR($K38="Milestone",$K38="Deadline"),$I38>=CM$4,$I38<CM$4+7),IF($K38="Deadline","◇","◆"),"")
A39: T-16 | B39: Foundations | C39: Phase 1 | F39: Phase 1 · Foundations | G39: Incremental load design | H39: 7 | I39: =MAX($C$2,J37+1,J37+1) -> 46363 | J39: =IF(AND(ISNUMBER(I39),ISNUMBER(H39)),I39+H39-1,"") -> 46369 | K39: Task | L39: T-14 | M39: T-14 | O39: =IF(AND(ISNUMBER(I39),ISNUMBER(J39)),J39-I39+1,"") -> 7 | U39: x | V39: x | X39: x | AI39: x | AO39: =IF(AND(ISNUMBER($I39),OR($K39="Milestone",$K39="Deadline"),$I39>=AO$4,$I39<AO$4+7),IF($K39="Deadline","◇","◆"),"") | AP39: =IF(AND(ISNUMBER($I39),OR($K39="Milestone",$K39="Deadline"),$I39>=AP$4,$I39<AP$4+7),IF($K39="Deadline","◇","◆"),"") | AQ39: =IF(AND(ISNUMBER($I39),OR($K39="Milestone",$K39="Deadline"),$I39>=AQ$4,$I39<AQ$4+7),IF($K39="Deadline","◇","◆"),"") | AR39: =IF(AND(ISNUMBER($I39),OR($K39="Milestone",$K39="Deadline"),$I39>=AR$4,$I39<AR$4+7),IF($K39="Deadline","◇","◆"),"") | AS39: =IF(AND(ISNUMBER($I39),OR($K39="Milestone",$K39="Deadline"),$I39>=AS$4,$I39<AS$4+7),IF($K39="Deadline","◇","◆"),"") | AT39: =IF(AND(ISNUMBER($I39),OR($K39="Milestone",$K39="Deadline"),$I39>=AT$4,$I39<AT$4+7),IF($K39="Deadline","◇","◆"),"") | AU39: =IF(AND(ISNUMBER($I39),OR($K39="Milestone",$K39="Deadline"),$I39>=AU$4,$I39<AU$4+7),IF($K39="Deadline","◇","◆"),"") | AV39: =IF(AND(ISNUMBER($I39),OR($K39="Milestone",$K39="Deadline"),$I39>=AV$4,$I39<AV$4+7),IF($K39="Deadline","◇","◆"),"") | ... CM39: =IF(AND(ISNUMBER($I39),OR($K39="Milestone",$K39="Deadline"),$I39>=CM$4,$I39<CM$4+7),IF($K39="Deadline","◇","◆"),"")
A40: T-17 | B40: Foundations | C40: Phase 1 | F40: Phase 1 · Foundations | G40: Sensitive data classification (F-17) | H40: 7 | I40: =MAX($C$2,J39+1,J189+1) -> 46370 | J40: =IF(AND(ISNUMBER(I40),ISNUMBER(H40)),I40+H40-1,"") -> 46376 | K40: Task | L40: T-16 | M40: T-235 | O40: =IF(AND(ISNUMBER(I40),ISNUMBER(J40)),J40-I40+1,"") -> 7 | U40: x | W40: x | X40: x | AH40: x | AO40: =IF(AND(ISNUMBER($I40),OR($K40="Milestone",$K40="Deadline"),$I40>=AO$4,$I40<AO$4+7),IF($K40="Deadline","◇","◆"),"") | AP40: =IF(AND(ISNUMBER($I40),OR($K40="Milestone",$K40="Deadline"),$I40>=AP$4,$I40<AP$4+7),IF($K40="Deadline","◇","◆"),"") | AQ40: =IF(AND(ISNUMBER($I40),OR($K40="Milestone",$K40="Deadline"),$I40>=AQ$4,$I40<AQ$4+7),IF($K40="Deadline","◇","◆"),"") | AR40: =IF(AND(ISNUMBER($I40),OR($K40="Milestone",$K40="Deadline"),$I40>=AR$4,$I40<AR$4+7),IF($K40="Deadline","◇","◆"),"") | AS40: =IF(AND(ISNUMBER($I40),OR($K40="Milestone",$K40="Deadline"),$I40>=AS$4,$I40<AS$4+7),IF($K40="Deadline","◇","◆"),"") | AT40: =IF(AND(ISNUMBER($I40),OR($K40="Milestone",$K40="Deadline"),$I40>=AT$4,$I40<AT$4+7),IF($K40="Deadline","◇","◆"),"") | AU40: =IF(AND(ISNUMBER($I40),OR($K40="Milestone",$K40="Deadline"),$I40>=AU$4,$I40<AU$4+7),IF($K40="Deadline","◇","◆"),"") | AV40: =IF(AND(ISNUMBER($I40),OR($K40="Milestone",$K40="Deadline"),$I40>=AV$4,$I40<AV$4+7),IF($K40="Deadline","◇","◆"),"") | ... CM40: =IF(AND(ISNUMBER($I40),OR($K40="Milestone",$K40="Deadline"),$I40>=CM$4,$I40<CM$4+7),IF($K40="Deadline","◇","◆"),"")
A41: T-18 | B41: Foundations | C41: Phase 1 | F41: Shared domain preparation | G41: DP&E synch | H41: 14 | I41: 46363 | J41: =IF(AND(ISNUMBER(I41),ISNUMBER(H41)),I41+H41-1,"") -> 46376 | K41: Task | L41: T-04 to T-08 | O41: =IF(AND(ISNUMBER(I41),ISNUMBER(J41)),J41-I41+1,"") -> 14 | U41: x | AO41: =IF(AND(ISNUMBER($I41),OR($K41="Milestone",$K41="Deadline"),$I41>=AO$4,$I41<AO$4+7),IF($K41="Deadline","◇","◆"),"") | AP41: =IF(AND(ISNUMBER($I41),OR($K41="Milestone",$K41="Deadline"),$I41>=AP$4,$I41<AP$4+7),IF($K41="Deadline","◇","◆"),"") | AQ41: =IF(AND(ISNUMBER($I41),OR($K41="Milestone",$K41="Deadline"),$I41>=AQ$4,$I41<AQ$4+7),IF($K41="Deadline","◇","◆"),"") | AR41: =IF(AND(ISNUMBER($I41),OR($K41="Milestone",$K41="Deadline"),$I41>=AR$4,$I41<AR$4+7),IF($K41="Deadline","◇","◆"),"") | AS41: =IF(AND(ISNUMBER($I41),OR($K41="Milestone",$K41="Deadline"),$I41>=AS$4,$I41<AS$4+7),IF($K41="Deadline","◇","◆"),"") | AT41: =IF(AND(ISNUMBER($I41),OR($K41="Milestone",$K41="Deadline"),$I41>=AT$4,$I41<AT$4+7),IF($K41="Deadline","◇","◆"),"") | AU41: =IF(AND(ISNUMBER($I41),OR($K41="Milestone",$K41="Deadline"),$I41>=AU$4,$I41<AU$4+7),IF($K41="Deadline","◇","◆"),"") | AV41: =IF(AND(ISNUMBER($I41),OR($K41="Milestone",$K41="Deadline"),$I41>=AV$4,$I41<AV$4+7),IF($K41="Deadline","◇","◆"),"") | ... CM41: =IF(AND(ISNUMBER($I41),OR($K41="Milestone",$K41="Deadline"),$I41>=CM$4,$I41<CM$4+7),IF($K41="Deadline","◇","◆"),"")
A42: T-19 | B42: Foundations | C42: Phase 1 | F42: Shared domain preparation | G42: Manual files harmonization | H42: 14 | I42: =MAX(DATE(2026,11,9),J58+1) -> 46335 | J42: =IF(AND(ISNUMBER(I42),ISNUMBER(H42)),I42+H42-1,"") -> 46348 | K42: Task | M42: T-243 | O42: =IF(AND(ISNUMBER(I42),ISNUMBER(J42)),J42-I42+1,"") -> 14 | U42: x | V42: x | AE42: x | AF42: x | AO42: =IF(AND(ISNUMBER($I42),OR($K42="Milestone",$K42="Deadline"),$I42>=AO$4,$I42<AO$4+7),IF($K42="Deadline","◇","◆"),"") | AP42: =IF(AND(ISNUMBER($I42),OR($K42="Milestone",$K42="Deadline"),$I42>=AP$4,$I42<AP$4+7),IF($K42="Deadline","◇","◆"),"") | AQ42: =IF(AND(ISNUMBER($I42),OR($K42="Milestone",$K42="Deadline"),$I42>=AQ$4,$I42<AQ$4+7),IF($K42="Deadline","◇","◆"),"") | AR42: =IF(AND(ISNUMBER($I42),OR($K42="Milestone",$K42="Deadline"),$I42>=AR$4,$I42<AR$4+7),IF($K42="Deadline","◇","◆"),"") | AS42: =IF(AND(ISNUMBER($I42),OR($K42="Milestone",$K42="Deadline"),$I42>=AS$4,$I42<AS$4+7),IF($K42="Deadline","◇","◆"),"") | AT42: =IF(AND(ISNUMBER($I42),OR($K42="Milestone",$K42="Deadline"),$I42>=AT$4,$I42<AT$4+7),IF($K42="Deadline","◇","◆"),"") | AU42: =IF(AND(ISNUMBER($I42),OR($K42="Milestone",$K42="Deadline"),$I42>=AU$4,$I42<AU$4+7),IF($K42="Deadline","◇","◆"),"") | AV42: =IF(AND(ISNUMBER($I42),OR($K42="Milestone",$K42="Deadline"),$I42>=AV$4,$I42<AV$4+7),IF($K42="Deadline","◇","◆"),"") | ... CM42: =IF(AND(ISNUMBER($I42),OR($K42="Milestone",$K42="Deadline"),$I42>=CM$4,$I42<CM$4+7),IF($K42="Deadline","◇","◆"),"")
A43: T-303 | B43: Sell-In | C43: Phase 1 | D43: WS-1 | E43: Migration | F43: MX | G43: Report assessment and preselection | H43: 7 | I43: =MAX($C$2) -> 46335 | J43: =IF(AND(ISNUMBER(I43),ISNUMBER(H43)),I43+H43-1,"") -> 46341 | K43: Task | O43: =IF(AND(ISNUMBER(I43),ISNUMBER(J43)),J43-I43+1,"") -> 7 | P43: x | AO43: =IF(AND(ISNUMBER($I43),OR($K43="Milestone",$K43="Deadline"),$I43>=AO$4,$I43<AO$4+7),IF($K43="Deadline","◇","◆"),"") | AP43: =IF(AND(ISNUMBER($I43),OR($K43="Milestone",$K43="Deadline"),$I43>=AP$4,$I43<AP$4+7),IF($K43="Deadline","◇","◆"),"") | AQ43: =IF(AND(ISNUMBER($I43),OR($K43="Milestone",$K43="Deadline"),$I43>=AQ$4,$I43<AQ$4+7),IF($K43="Deadline","◇","◆"),"") | AR43: =IF(AND(ISNUMBER($I43),OR($K43="Milestone",$K43="Deadline"),$I43>=AR$4,$I43<AR$4+7),IF($K43="Deadline","◇","◆"),"") | AS43: =IF(AND(ISNUMBER($I43),OR($K43="Milestone",$K43="Deadline"),$I43>=AS$4,$I43<AS$4+7),IF($K43="Deadline","◇","◆"),"") | AT43: =IF(AND(ISNUMBER($I43),OR($K43="Milestone",$K43="Deadline"),$I43>=AT$4,$I43<AT$4+7),IF($K43="Deadline","◇","◆"),"") | AU43: =IF(AND(ISNUMBER($I43),OR($K43="Milestone",$K43="Deadline"),$I43>=AU$4,$I43<AU$4+7),IF($K43="Deadline","◇","◆"),"") | AV43: =IF(AND(ISNUMBER($I43),OR($K43="Milestone",$K43="Deadline"),$I43>=AV$4,$I43<AV$4+7),IF($K43="Deadline","◇","◆"),"") | ... CM43: =IF(AND(ISNUMBER($I43),OR($K43="Milestone",$K43="Deadline"),$I43>=CM$4,$I43<CM$4+7),IF($K43="Deadline","◇","◆"),"")
A44: T-102 | B44: Sell-In | C44: Phase 1 | D44: WS-1 | E44: Migration | F44: MX | G44: Mockup | H44: 7 | I44: =MAX(DATE(2026,12,8),J43+1,J70+1) -> 46364 | J44: =IF(AND(ISNUMBER(I44),ISNUMBER(H44)),I44+H44-1,"") -> 46370 | K44: Task | L44: T-303 | M44: T-306 | O44: =IF(AND(ISNUMBER(I44),ISNUMBER(J44)),J44-I44+1,"") -> 7 | P44: x | AK44: x | AO44: =IF(AND(ISNUMBER($I44),OR($K44="Milestone",$K44="Deadline"),$I44>=AO$4,$I44<AO$4+7),IF($K44="Deadline","◇","◆"),"") | AP44: =IF(AND(ISNUMBER($I44),OR($K44="Milestone",$K44="Deadline"),$I44>=AP$4,$I44<AP$4+7),IF($K44="Deadline","◇","◆"),"") | AQ44: =IF(AND(ISNUMBER($I44),OR($K44="Milestone",$K44="Deadline"),$I44>=AQ$4,$I44<AQ$4+7),IF($K44="Deadline","◇","◆"),"") | AR44: =IF(AND(ISNUMBER($I44),OR($K44="Milestone",$K44="Deadline"),$I44>=AR$4,$I44<AR$4+7),IF($K44="Deadline","◇","◆"),"") | AS44: =IF(AND(ISNUMBER($I44),OR($K44="Milestone",$K44="Deadline"),$I44>=AS$4,$I44<AS$4+7),IF($K44="Deadline","◇","◆"),"") | AT44: =IF(AND(ISNUMBER($I44),OR($K44="Milestone",$K44="Deadline"),$I44>=AT$4,$I44<AT$4+7),IF($K44="Deadline","◇","◆"),"") | AU44: =IF(AND(ISNUMBER($I44),OR($K44="Milestone",$K44="Deadline"),$I44>=AU$4,$I44<AU$4+7),IF($K44="Deadline","◇","◆"),"") | AV44: =IF(AND(ISNUMBER($I44),OR($K44="Milestone",$K44="Deadline"),$I44>=AV$4,$I44<AV$4+7),IF($K44="Deadline","◇","◆"),"") | ... CM44: =IF(AND(ISNUMBER($I44),OR($K44="Milestone",$K44="Deadline"),$I44>=CM$4,$I44<CM$4+7),IF($K44="Deadline","◇","◆"),"")
A45: T-103 | B45: Sell-In | C45: Phase 1 | D45: WS-1 | E45: Migration | F45: MX | G45: Redesign | H45: 14 | I45: =MAX($C$2,J44+1,J183+1) -> 46371 | J45: =IF(AND(ISNUMBER(I45),ISNUMBER(H45)),I45+H45-1,"") -> 46384 | K45: Task | L45: T-102 | M45: T-234 | O45: =IF(AND(ISNUMBER(I45),ISNUMBER(J45)),J45-I45+1,"") -> 14 | U45: x | V45: x | AE45: x | AO45: =IF(AND(ISNUMBER($I45),OR($K45="Milestone",$K45="Deadline"),$I45>=AO$4,$I45<AO$4+7),IF($K45="Deadline","◇","◆"),"") | AP45: =IF(AND(ISNUMBER($I45),OR($K45="Milestone",$K45="Deadline"),$I45>=AP$4,$I45<AP$4+7),IF($K45="Deadline","◇","◆"),"") | AQ45: =IF(AND(ISNUMBER($I45),OR($K45="Milestone",$K45="Deadline"),$I45>=AQ$4,$I45<AQ$4+7),IF($K45="Deadline","◇","◆"),"") | AR45: =IF(AND(ISNUMBER($I45),OR($K45="Milestone",$K45="Deadline"),$I45>=AR$4,$I45<AR$4+7),IF($K45="Deadline","◇","◆"),"") | AS45: =IF(AND(ISNUMBER($I45),OR($K45="Milestone",$K45="Deadline"),$I45>=AS$4,$I45<AS$4+7),IF($K45="Deadline","◇","◆"),"") | AT45: =IF(AND(ISNUMBER($I45),OR($K45="Milestone",$K45="Deadline"),$I45>=AT$4,$I45<AT$4+7),IF($K45="Deadline","◇","◆"),"") | AU45: =IF(AND(ISNUMBER($I45),OR($K45="Milestone",$K45="Deadline"),$I45>=AU$4,$I45<AU$4+7),IF($K45="Deadline","◇","◆"),"") | AV45: =IF(AND(ISNUMBER($I45),OR($K45="Milestone",$K45="Deadline"),$I45>=AV$4,$I45<AV$4+7),IF($K45="Deadline","◇","◆"),"") | ... CM45: =IF(AND(ISNUMBER($I45),OR($K45="Milestone",$K45="Deadline"),$I45>=CM$4,$I45<CM$4+7),IF($K45="Deadline","◇","◆"),"")
A46: T-304 | B46: Sell-In | C46: Phase 1 | D46: WS-1 | E46: Migration | F46: WACAM | G46: Report assessment and preselection | H46: 7 | I46: =MAX($C$2,J43+1) -> 46342 | J46: =IF(AND(ISNUMBER(I46),ISNUMBER(H46)),I46+H46-1,"") -> 46348 | K46: Task | M46: T-303 | O46: =IF(AND(ISNUMBER(I46),ISNUMBER(J46)),J46-I46+1,"") -> 7 | P46: x | AO46: =IF(AND(ISNUMBER($I46),OR($K46="Milestone",$K46="Deadline"),$I46>=AO$4,$I46<AO$4+7),IF($K46="Deadline","◇","◆"),"") | AP46: =IF(AND(ISNUMBER($I46),OR($K46="Milestone",$K46="Deadline"),$I46>=AP$4,$I46<AP$4+7),IF($K46="Deadline","◇","◆"),"") | AQ46: =IF(AND(ISNUMBER($I46),OR($K46="Milestone",$K46="Deadline"),$I46>=AQ$4,$I46<AQ$4+7),IF($K46="Deadline","◇","◆"),"") | AR46: =IF(AND(ISNUMBER($I46),OR($K46="Milestone",$K46="Deadline"),$I46>=AR$4,$I46<AR$4+7),IF($K46="Deadline","◇","◆"),"") | AS46: =IF(AND(ISNUMBER($I46),OR($K46="Milestone",$K46="Deadline"),$I46>=AS$4,$I46<AS$4+7),IF($K46="Deadline","◇","◆"),"") | AT46: =IF(AND(ISNUMBER($I46),OR($K46="Milestone",$K46="Deadline"),$I46>=AT$4,$I46<AT$4+7),IF($K46="Deadline","◇","◆"),"") | AU46: =IF(AND(ISNUMBER($I46),OR($K46="Milestone",$K46="Deadline"),$I46>=AU$4,$I46<AU$4+7),IF($K46="Deadline","◇","◆"),"") | AV46: =IF(AND(ISNUMBER($I46),OR($K46="Milestone",$K46="Deadline"),$I46>=AV$4,$I46<AV$4+7),IF($K46="Deadline","◇","◆"),"") | ... CM46: =IF(AND(ISNUMBER($I46),OR($K46="Milestone",$K46="Deadline"),$I46>=CM$4,$I46<CM$4+7),IF($K46="Deadline","◇","◆"),"")
A47: T-106 | B47: Sell-In | C47: Phase 1 | D47: WS-1 | E47: Migration | F47: WACAM | G47: Mockup | H47: 7 | I47: =MAX(DATE(2026,12,8),J46+1) -> 46364 | J47: =IF(AND(ISNUMBER(I47),ISNUMBER(H47)),I47+H47-1,"") -> 46370 | K47: Task | L47: T-304 | O47: =IF(AND(ISNUMBER(I47),ISNUMBER(J47)),J47-I47+1,"") -> 7 | AL47: x | AO47: =IF(AND(ISNUMBER($I47),OR($K47="Milestone",$K47="Deadline"),$I47>=AO$4,$I47<AO$4+7),IF($K47="Deadline","◇","◆"),"") | AP47: =IF(AND(ISNUMBER($I47),OR($K47="Milestone",$K47="Deadline"),$I47>=AP$4,$I47<AP$4+7),IF($K47="Deadline","◇","◆"),"") | AQ47: =IF(AND(ISNUMBER($I47),OR($K47="Milestone",$K47="Deadline"),$I47>=AQ$4,$I47<AQ$4+7),IF($K47="Deadline","◇","◆"),"") | AR47: =IF(AND(ISNUMBER($I47),OR($K47="Milestone",$K47="Deadline"),$I47>=AR$4,$I47<AR$4+7),IF($K47="Deadline","◇","◆"),"") | AS47: =IF(AND(ISNUMBER($I47),OR($K47="Milestone",$K47="Deadline"),$I47>=AS$4,$I47<AS$4+7),IF($K47="Deadline","◇","◆"),"") | AT47: =IF(AND(ISNUMBER($I47),OR($K47="Milestone",$K47="Deadline"),$I47>=AT$4,$I47<AT$4+7),IF($K47="Deadline","◇","◆"),"") | AU47: =IF(AND(ISNUMBER($I47),OR($K47="Milestone",$K47="Deadline"),$I47>=AU$4,$I47<AU$4+7),IF($K47="Deadline","◇","◆"),"") | AV47: =IF(AND(ISNUMBER($I47),OR($K47="Milestone",$K47="Deadline"),$I47>=AV$4,$I47<AV$4+7),IF($K47="Deadline","◇","◆"),"") | ... CM47: =IF(AND(ISNUMBER($I47),OR($K47="Milestone",$K47="Deadline"),$I47>=CM$4,$I47<CM$4+7),IF($K47="Deadline","◇","◆"),"")
A48: T-107 | B48: Sell-In | C48: Phase 1 | D48: WS-1 | E48: Migration | F48: WACAM | G48: Redesign | H48: 14 | I48: =MAX($C$2,J47+1,J39+1) -> 46371 | J48: =IF(AND(ISNUMBER(I48),ISNUMBER(H48)),I48+H48-1,"") -> 46384 | K48: Task | L48: T-106 | M48: T-16 | O48: =IF(AND(ISNUMBER(I48),ISNUMBER(J48)),J48-I48+1,"") -> 14 | U48: x | V48: x | AI48: x | AO48: =IF(AND(ISNUMBER($I48),OR($K48="Milestone",$K48="Deadline"),$I48>=AO$4,$I48<AO$4+7),IF($K48="Deadline","◇","◆"),"") | AP48: =IF(AND(ISNUMBER($I48),OR($K48="Milestone",$K48="Deadline"),$I48>=AP$4,$I48<AP$4+7),IF($K48="Deadline","◇","◆"),"") | AQ48: =IF(AND(ISNUMBER($I48),OR($K48="Milestone",$K48="Deadline"),$I48>=AQ$4,$I48<AQ$4+7),IF($K48="Deadline","◇","◆"),"") | AR48: =IF(AND(ISNUMBER($I48),OR($K48="Milestone",$K48="Deadline"),$I48>=AR$4,$I48<AR$4+7),IF($K48="Deadline","◇","◆"),"") | AS48: =IF(AND(ISNUMBER($I48),OR($K48="Milestone",$K48="Deadline"),$I48>=AS$4,$I48<AS$4+7),IF($K48="Deadline","◇","◆"),"") | AT48: =IF(AND(ISNUMBER($I48),OR($K48="Milestone",$K48="Deadline"),$I48>=AT$4,$I48<AT$4+7),IF($K48="Deadline","◇","◆"),"") | AU48: =IF(AND(ISNUMBER($I48),OR($K48="Milestone",$K48="Deadline"),$I48>=AU$4,$I48<AU$4+7),IF($K48="Deadline","◇","◆"),"") | AV48: =IF(AND(ISNUMBER($I48),OR($K48="Milestone",$K48="Deadline"),$I48>=AV$4,$I48<AV$4+7),IF($K48="Deadline","◇","◆"),"") | ... CM48: =IF(AND(ISNUMBER($I48),OR($K48="Milestone",$K48="Deadline"),$I48>=CM$4,$I48<CM$4+7),IF($K48="Deadline","◇","◆"),"")
A49: T-223 | B49: Sell-In | C49: Phase 1 | D49: WS-1 | E49: Migration | F49: MX & WACAM | G49: Manual files load | H49: 7 | I49: =MAX($C$2,J45+1,J48+1,J8+1,J211+1) -> 46385 | J49: =IF(AND(ISNUMBER(I49),ISNUMBER(H49)),I49+H49-1,"") -> 46391 | K49: Task | L49: T-103, T-107, T-04 | M49: T-184 | O49: =IF(AND(ISNUMBER(I49),ISNUMBER(J49)),J49-I49+1,"") -> 7 | V49: x | AF49: x | AO49: =IF(AND(ISNUMBER($I49),OR($K49="Milestone",$K49="Deadline"),$I49>=AO$4,$I49<AO$4+7),IF($K49="Deadline","◇","◆"),"") | AP49: =IF(AND(ISNUMBER($I49),OR($K49="Milestone",$K49="Deadline"),$I49>=AP$4,$I49<AP$4+7),IF($K49="Deadline","◇","◆"),"") | AQ49: =IF(AND(ISNUMBER($I49),OR($K49="Milestone",$K49="Deadline"),$I49>=AQ$4,$I49<AQ$4+7),IF($K49="Deadline","◇","◆"),"") | AR49: =IF(AND(ISNUMBER($I49),OR($K49="Milestone",$K49="Deadline"),$I49>=AR$4,$I49<AR$4+7),IF($K49="Deadline","◇","◆"),"") | AS49: =IF(AND(ISNUMBER($I49),OR($K49="Milestone",$K49="Deadline"),$I49>=AS$4,$I49<AS$4+7),IF($K49="Deadline","◇","◆"),"") | AT49: =IF(AND(ISNUMBER($I49),OR($K49="Milestone",$K49="Deadline"),$I49>=AT$4,$I49<AT$4+7),IF($K49="Deadline","◇","◆"),"") | AU49: =IF(AND(ISNUMBER($I49),OR($K49="Milestone",$K49="Deadline"),$I49>=AU$4,$I49<AU$4+7),IF($K49="Deadline","◇","◆"),"") | AV49: =IF(AND(ISNUMBER($I49),OR($K49="Milestone",$K49="Deadline"),$I49>=AV$4,$I49<AV$4+7),IF($K49="Deadline","◇","◆"),"") | ... CM49: =IF(AND(ISNUMBER($I49),OR($K49="Milestone",$K49="Deadline"),$I49>=CM$4,$I49<CM$4+7),IF($K49="Deadline","◇","◆"),"")
A50: T-201 | B50: Sell-In | C50: Phase 1 | D50: WS-1 | E50: Migration | F50: MX & WACAM | G50: Prototype: core KPI logic | H50: 13 | I50: =MAX($C$2,J49+1,J201+1) -> 46392 | J50: =IF(AND(ISNUMBER(I50),ISNUMBER(H50)),I50+H50-1,"") -> 46404 | K50: Task | L50: T-223 | M50: T-237 | O50: =IF(AND(ISNUMBER(I50),ISNUMBER(J50)),J50-I50+1,"") -> 13 | V50: x | AE50: x | AO50: =IF(AND(ISNUMBER($I50),OR($K50="Milestone",$K50="Deadline"),$I50>=AO$4,$I50<AO$4+7),IF($K50="Deadline","◇","◆"),"") | AP50: =IF(AND(ISNUMBER($I50),OR($K50="Milestone",$K50="Deadline"),$I50>=AP$4,$I50<AP$4+7),IF($K50="Deadline","◇","◆"),"") | AQ50: =IF(AND(ISNUMBER($I50),OR($K50="Milestone",$K50="Deadline"),$I50>=AQ$4,$I50<AQ$4+7),IF($K50="Deadline","◇","◆"),"") | AR50: =IF(AND(ISNUMBER($I50),OR($K50="Milestone",$K50="Deadline"),$I50>=AR$4,$I50<AR$4+7),IF($K50="Deadline","◇","◆"),"") | AS50: =IF(AND(ISNUMBER($I50),OR($K50="Milestone",$K50="Deadline"),$I50>=AS$4,$I50<AS$4+7),IF($K50="Deadline","◇","◆"),"") | AT50: =IF(AND(ISNUMBER($I50),OR($K50="Milestone",$K50="Deadline"),$I50>=AT$4,$I50<AT$4+7),IF($K50="Deadline","◇","◆"),"") | AU50: =IF(AND(ISNUMBER($I50),OR($K50="Milestone",$K50="Deadline"),$I50>=AU$4,$I50<AU$4+7),IF($K50="Deadline","◇","◆"),"") | AV50: =IF(AND(ISNUMBER($I50),OR($K50="Milestone",$K50="Deadline"),$I50>=AV$4,$I50<AV$4+7),IF($K50="Deadline","◇","◆"),"") | ... CM50: =IF(AND(ISNUMBER($I50),OR($K50="Milestone",$K50="Deadline"),$I50>=CM$4,$I50<CM$4+7),IF($K50="Deadline","◇","◆"),"")
A51: T-333 | B51: Sell-In | C51: Phase 3 | D51: WS-1 | E51: Migration | F51: MX & WACAM | G51: Prototype: custom features | H51: 8 | I51: =MAX(DATE(2027,3,1),J50+1,J278+1) -> 46447 | J51: =IF(AND(ISNUMBER(I51),ISNUMBER(H51)),I51+H51-1,"") -> 46454 | K51: Task | L51: T-201 | M51: T-288 | O51: =IF(AND(ISNUMBER(I51),ISNUMBER(J51)),J51-I51+1,"") -> 8 | V51: x | AF51: x | AO51: =IF(AND(ISNUMBER($I51),OR($K51="Milestone",$K51="Deadline"),$I51>=AO$4,$I51<AO$4+7),IF($K51="Deadline","◇","◆"),"") | AP51: =IF(AND(ISNUMBER($I51),OR($K51="Milestone",$K51="Deadline"),$I51>=AP$4,$I51<AP$4+7),IF($K51="Deadline","◇","◆"),"") | AQ51: =IF(AND(ISNUMBER($I51),OR($K51="Milestone",$K51="Deadline"),$I51>=AQ$4,$I51<AQ$4+7),IF($K51="Deadline","◇","◆"),"") | AR51: =IF(AND(ISNUMBER($I51),OR($K51="Milestone",$K51="Deadline"),$I51>=AR$4,$I51<AR$4+7),IF($K51="Deadline","◇","◆"),"") | AS51: =IF(AND(ISNUMBER($I51),OR($K51="Milestone",$K51="Deadline"),$I51>=AS$4,$I51<AS$4+7),IF($K51="Deadline","◇","◆"),"") | AT51: =IF(AND(ISNUMBER($I51),OR($K51="Milestone",$K51="Deadline"),$I51>=AT$4,$I51<AT$4+7),IF($K51="Deadline","◇","◆"),"") | AU51: =IF(AND(ISNUMBER($I51),OR($K51="Milestone",$K51="Deadline"),$I51>=AU$4,$I51<AU$4+7),IF($K51="Deadline","◇","◆"),"") | AV51: =IF(AND(ISNUMBER($I51),OR($K51="Milestone",$K51="Deadline"),$I51>=AV$4,$I51<AV$4+7),IF($K51="Deadline","◇","◆"),"") | ... CM51: =IF(AND(ISNUMBER($I51),OR($K51="Milestone",$K51="Deadline"),$I51>=CM$4,$I51<CM$4+7),IF($K51="Deadline","◇","◆"),"")
A52: T-109 | B52: Sell-In | C52: Phase 1 | D52: WS-2 | E52: Reverse engineer | F52: SOCO | G52: Analysis | H52: 14 | I52: =MAX(DATE(2026,11,2),J54+1) -> 46330 | J52: =IF(AND(ISNUMBER(I52),ISNUMBER(H52)),I52+H52-1,"") -> 46343 | K52: Task | L52: T-242 | O52: =IF(AND(ISNUMBER(I52),ISNUMBER(J52)),J52-I52+1,"") -> 14 | T52: x | U52: x | V52: x | AO52: =IF(AND(ISNUMBER($I52),OR($K52="Milestone",$K52="Deadline"),$I52>=AO$4,$I52<AO$4+7),IF($K52="Deadline","◇","◆"),"") | AP52: =IF(AND(ISNUMBER($I52),OR($K52="Milestone",$K52="Deadline"),$I52>=AP$4,$I52<AP$4+7),IF($K52="Deadline","◇","◆"),"") | AQ52: =IF(AND(ISNUMBER($I52),OR($K52="Milestone",$K52="Deadline"),$I52>=AQ$4,$I52<AQ$4+7),IF($K52="Deadline","◇","◆"),"") | AR52: =IF(AND(ISNUMBER($I52),OR($K52="Milestone",$K52="Deadline"),$I52>=AR$4,$I52<AR$4+7),IF($K52="Deadline","◇","◆"),"") | AS52: =IF(AND(ISNUMBER($I52),OR($K52="Milestone",$K52="Deadline"),$I52>=AS$4,$I52<AS$4+7),IF($K52="Deadline","◇","◆"),"") | AT52: =IF(AND(ISNUMBER($I52),OR($K52="Milestone",$K52="Deadline"),$I52>=AT$4,$I52<AT$4+7),IF($K52="Deadline","◇","◆"),"") | AU52: =IF(AND(ISNUMBER($I52),OR($K52="Milestone",$K52="Deadline"),$I52>=AU$4,$I52<AU$4+7),IF($K52="Deadline","◇","◆"),"") | AV52: =IF(AND(ISNUMBER($I52),OR($K52="Milestone",$K52="Deadline"),$I52>=AV$4,$I52<AV$4+7),IF($K52="Deadline","◇","◆"),"") | ... CM52: =IF(AND(ISNUMBER($I52),OR($K52="Milestone",$K52="Deadline"),$I52>=CM$4,$I52<CM$4+7),IF($K52="Deadline","◇","◆"),"")
A53: T-110 | B53: Sell-In | C53: Phase 1 | D53: WS-2 | E53: Reverse engineer | F53: SOCO | G53: Mockup | H53: 14 | I53: =MAX(DATE(2026,12,8),J44+1) -> 46371 | J53: =IF(AND(ISNUMBER(I53),ISNUMBER(H53)),I53+H53-1,"") -> 46384 | K53: Task | M53: T-102 | O53: =IF(AND(ISNUMBER(I53),ISNUMBER(J53)),J53-I53+1,"") -> 14 | P53: x | AK53: x | AO53: =IF(AND(ISNUMBER($I53),OR($K53="Milestone",$K53="Deadline"),$I53>=AO$4,$I53<AO$4+7),IF($K53="Deadline","◇","◆"),"") | AP53: =IF(AND(ISNUMBER($I53),OR($K53="Milestone",$K53="Deadline"),$I53>=AP$4,$I53<AP$4+7),IF($K53="Deadline","◇","◆"),"") | AQ53: =IF(AND(ISNUMBER($I53),OR($K53="Milestone",$K53="Deadline"),$I53>=AQ$4,$I53<AQ$4+7),IF($K53="Deadline","◇","◆"),"") | AR53: =IF(AND(ISNUMBER($I53),OR($K53="Milestone",$K53="Deadline"),$I53>=AR$4,$I53<AR$4+7),IF($K53="Deadline","◇","◆"),"") | AS53: =IF(AND(ISNUMBER($I53),OR($K53="Milestone",$K53="Deadline"),$I53>=AS$4,$I53<AS$4+7),IF($K53="Deadline","◇","◆"),"") | AT53: =IF(AND(ISNUMBER($I53),OR($K53="Milestone",$K53="Deadline"),$I53>=AT$4,$I53<AT$4+7),IF($K53="Deadline","◇","◆"),"") | AU53: =IF(AND(ISNUMBER($I53),OR($K53="Milestone",$K53="Deadline"),$I53>=AU$4,$I53<AU$4+7),IF($K53="Deadline","◇","◆"),"") | AV53: =IF(AND(ISNUMBER($I53),OR($K53="Milestone",$K53="Deadline"),$I53>=AV$4,$I53<AV$4+7),IF($K53="Deadline","◇","◆"),"") | ... CM53: =IF(AND(ISNUMBER($I53),OR($K53="Milestone",$K53="Deadline"),$I53>=CM$4,$I53<CM$4+7),IF($K53="Deadline","◇","◆"),"")
A54: T-242 | B54: Sell-In | C54: Phase 1 | D54: WS-2 | E54: Reverse engineer | F54: SOCO | G54: Capture existing code | H54: 2 | I54: 46328 | J54: =IF(AND(ISNUMBER(I54),ISNUMBER(H54)),I54+H54-1,"") -> 46329 | K54: Task | O54: =IF(AND(ISNUMBER(I54),ISNUMBER(J54)),J54-I54+1,"") -> 2 | AD54: x | AK54: x | AO54: =IF(AND(ISNUMBER($I54),OR($K54="Milestone",$K54="Deadline"),$I54>=AO$4,$I54<AO$4+7),IF($K54="Deadline","◇","◆"),"") | AP54: =IF(AND(ISNUMBER($I54),OR($K54="Milestone",$K54="Deadline"),$I54>=AP$4,$I54<AP$4+7),IF($K54="Deadline","◇","◆"),"") | AQ54: =IF(AND(ISNUMBER($I54),OR($K54="Milestone",$K54="Deadline"),$I54>=AQ$4,$I54<AQ$4+7),IF($K54="Deadline","◇","◆"),"") | AR54: =IF(AND(ISNUMBER($I54),OR($K54="Milestone",$K54="Deadline"),$I54>=AR$4,$I54<AR$4+7),IF($K54="Deadline","◇","◆"),"") | AS54: =IF(AND(ISNUMBER($I54),OR($K54="Milestone",$K54="Deadline"),$I54>=AS$4,$I54<AS$4+7),IF($K54="Deadline","◇","◆"),"") | AT54: =IF(AND(ISNUMBER($I54),OR($K54="Milestone",$K54="Deadline"),$I54>=AT$4,$I54<AT$4+7),IF($K54="Deadline","◇","◆"),"") | AU54: =IF(AND(ISNUMBER($I54),OR($K54="Milestone",$K54="Deadline"),$I54>=AU$4,$I54<AU$4+7),IF($K54="Deadline","◇","◆"),"") | AV54: =IF(AND(ISNUMBER($I54),OR($K54="Milestone",$K54="Deadline"),$I54>=AV$4,$I54<AV$4+7),IF($K54="Deadline","◇","◆"),"") | ... CM54: =IF(AND(ISNUMBER($I54),OR($K54="Milestone",$K54="Deadline"),$I54>=CM$4,$I54<CM$4+7),IF($K54="Deadline","◇","◆"),"")
A55: T-111 | B55: Sell-In | C55: Phase 1 | D55: WS-2 | E55: Reverse engineer | F55: SOCO | G55: Redesign | H55: 28 | I55: =MAX($C$2,J52+1) -> 46344 | J55: =IF(AND(ISNUMBER(I55),ISNUMBER(H55)),I55+H55-1,"") -> 46371 | K55: Task | L55: T-109 | O55: =IF(AND(ISNUMBER(I55),ISNUMBER(J55)),J55-I55+1,"") -> 28 | U55: x | V55: x | AB55: x | AO55: =IF(AND(ISNUMBER($I55),OR($K55="Milestone",$K55="Deadline"),$I55>=AO$4,$I55<AO$4+7),IF($K55="Deadline","◇","◆"),"") | AP55: =IF(AND(ISNUMBER($I55),OR($K55="Milestone",$K55="Deadline"),$I55>=AP$4,$I55<AP$4+7),IF($K55="Deadline","◇","◆"),"") | AQ55: =IF(AND(ISNUMBER($I55),OR($K55="Milestone",$K55="Deadline"),$I55>=AQ$4,$I55<AQ$4+7),IF($K55="Deadline","◇","◆"),"") | AR55: =IF(AND(ISNUMBER($I55),OR($K55="Milestone",$K55="Deadline"),$I55>=AR$4,$I55<AR$4+7),IF($K55="Deadline","◇","◆"),"") | AS55: =IF(AND(ISNUMBER($I55),OR($K55="Milestone",$K55="Deadline"),$I55>=AS$4,$I55<AS$4+7),IF($K55="Deadline","◇","◆"),"") | AT55: =IF(AND(ISNUMBER($I55),OR($K55="Milestone",$K55="Deadline"),$I55>=AT$4,$I55<AT$4+7),IF($K55="Deadline","◇","◆"),"") | AU55: =IF(AND(ISNUMBER($I55),OR($K55="Milestone",$K55="Deadline"),$I55>=AU$4,$I55<AU$4+7),IF($K55="Deadline","◇","◆"),"") | AV55: =IF(AND(ISNUMBER($I55),OR($K55="Milestone",$K55="Deadline"),$I55>=AV$4,$I55<AV$4+7),IF($K55="Deadline","◇","◆"),"") | ... CM55: =IF(AND(ISNUMBER($I55),OR($K55="Milestone",$K55="Deadline"),$I55>=CM$4,$I55<CM$4+7),IF($K55="Deadline","◇","◆"),"")
A56: T-113 | B56: Sell-In | C56: Phase 1 | D56: WS-2 | E56: Reverse engineer | F56: BR | G56: Analysis | H56: 14 | I56: =MAX(DATE(2026,11,2),J58+1) -> 46331 | J56: =IF(AND(ISNUMBER(I56),ISNUMBER(H56)),I56+H56-1,"") -> 46344 | K56: Task | L56: T-243 | O56: =IF(AND(ISNUMBER(I56),ISNUMBER(J56)),J56-I56+1,"") -> 14 | Q56: x | U56: x | W56: x | AO56: =IF(AND(ISNUMBER($I56),OR($K56="Milestone",$K56="Deadline"),$I56>=AO$4,$I56<AO$4+7),IF($K56="Deadline","◇","◆"),"") | AP56: =IF(AND(ISNUMBER($I56),OR($K56="Milestone",$K56="Deadline"),$I56>=AP$4,$I56<AP$4+7),IF($K56="Deadline","◇","◆"),"") | AQ56: =IF(AND(ISNUMBER($I56),OR($K56="Milestone",$K56="Deadline"),$I56>=AQ$4,$I56<AQ$4+7),IF($K56="Deadline","◇","◆"),"") | AR56: =IF(AND(ISNUMBER($I56),OR($K56="Milestone",$K56="Deadline"),$I56>=AR$4,$I56<AR$4+7),IF($K56="Deadline","◇","◆"),"") | AS56: =IF(AND(ISNUMBER($I56),OR($K56="Milestone",$K56="Deadline"),$I56>=AS$4,$I56<AS$4+7),IF($K56="Deadline","◇","◆"),"") | AT56: =IF(AND(ISNUMBER($I56),OR($K56="Milestone",$K56="Deadline"),$I56>=AT$4,$I56<AT$4+7),IF($K56="Deadline","◇","◆"),"") | AU56: =IF(AND(ISNUMBER($I56),OR($K56="Milestone",$K56="Deadline"),$I56>=AU$4,$I56<AU$4+7),IF($K56="Deadline","◇","◆"),"") | AV56: =IF(AND(ISNUMBER($I56),OR($K56="Milestone",$K56="Deadline"),$I56>=AV$4,$I56<AV$4+7),IF($K56="Deadline","◇","◆"),"") | ... CM56: =IF(AND(ISNUMBER($I56),OR($K56="Milestone",$K56="Deadline"),$I56>=CM$4,$I56<CM$4+7),IF($K56="Deadline","◇","◆"),"")
A57: T-114 | B57: Sell-In | C57: Phase 1 | D57: WS-2 | E57: Reverse engineer | F57: BR | G57: Mockup | H57: 14 | I57: =MAX(DATE(2026,12,8),J53+1) -> 46385 | J57: =IF(AND(ISNUMBER(I57),ISNUMBER(H57)),I57+H57-1,"") -> 46398 | K57: Task | M57: T-110 | O57: =IF(AND(ISNUMBER(I57),ISNUMBER(J57)),J57-I57+1,"") -> 14 | P57: x | AL57: x | AO57: =IF(AND(ISNUMBER($I57),OR($K57="Milestone",$K57="Deadline"),$I57>=AO$4,$I57<AO$4+7),IF($K57="Deadline","◇","◆"),"") | AP57: =IF(AND(ISNUMBER($I57),OR($K57="Milestone",$K57="Deadline"),$I57>=AP$4,$I57<AP$4+7),IF($K57="Deadline","◇","◆"),"") | AQ57: =IF(AND(ISNUMBER($I57),OR($K57="Milestone",$K57="Deadline"),$I57>=AQ$4,$I57<AQ$4+7),IF($K57="Deadline","◇","◆"),"") | AR57: =IF(AND(ISNUMBER($I57),OR($K57="Milestone",$K57="Deadline"),$I57>=AR$4,$I57<AR$4+7),IF($K57="Deadline","◇","◆"),"") | AS57: =IF(AND(ISNUMBER($I57),OR($K57="Milestone",$K57="Deadline"),$I57>=AS$4,$I57<AS$4+7),IF($K57="Deadline","◇","◆"),"") | AT57: =IF(AND(ISNUMBER($I57),OR($K57="Milestone",$K57="Deadline"),$I57>=AT$4,$I57<AT$4+7),IF($K57="Deadline","◇","◆"),"") | AU57: =IF(AND(ISNUMBER($I57),OR($K57="Milestone",$K57="Deadline"),$I57>=AU$4,$I57<AU$4+7),IF($K57="Deadline","◇","◆"),"") | AV57: =IF(AND(ISNUMBER($I57),OR($K57="Milestone",$K57="Deadline"),$I57>=AV$4,$I57<AV$4+7),IF($K57="Deadline","◇","◆"),"") | ... CM57: =IF(AND(ISNUMBER($I57),OR($K57="Milestone",$K57="Deadline"),$I57>=CM$4,$I57<CM$4+7),IF($K57="Deadline","◇","◆"),"")
A58: T-243 | B58: Sell-In | C58: Phase 1 | D58: WS-2 | E58: Reverse engineer | F58: BR | G58: Capture existing code | H58: 3 | I58: 46328 | J58: =IF(AND(ISNUMBER(I58),ISNUMBER(H58)),I58+H58-1,"") -> 46330 | K58: Task | O58: =IF(AND(ISNUMBER(I58),ISNUMBER(J58)),J58-I58+1,"") -> 3 | AF58: x | AL58: x | AO58: =IF(AND(ISNUMBER($I58),OR($K58="Milestone",$K58="Deadline"),$I58>=AO$4,$I58<AO$4+7),IF($K58="Deadline","◇","◆"),"") | AP58: =IF(AND(ISNUMBER($I58),OR($K58="Milestone",$K58="Deadline"),$I58>=AP$4,$I58<AP$4+7),IF($K58="Deadline","◇","◆"),"") | AQ58: =IF(AND(ISNUMBER($I58),OR($K58="Milestone",$K58="Deadline"),$I58>=AQ$4,$I58<AQ$4+7),IF($K58="Deadline","◇","◆"),"") | AR58: =IF(AND(ISNUMBER($I58),OR($K58="Milestone",$K58="Deadline"),$I58>=AR$4,$I58<AR$4+7),IF($K58="Deadline","◇","◆"),"") | AS58: =IF(AND(ISNUMBER($I58),OR($K58="Milestone",$K58="Deadline"),$I58>=AS$4,$I58<AS$4+7),IF($K58="Deadline","◇","◆"),"") | AT58: =IF(AND(ISNUMBER($I58),OR($K58="Milestone",$K58="Deadline"),$I58>=AT$4,$I58<AT$4+7),IF($K58="Deadline","◇","◆"),"") | AU58: =IF(AND(ISNUMBER($I58),OR($K58="Milestone",$K58="Deadline"),$I58>=AU$4,$I58<AU$4+7),IF($K58="Deadline","◇","◆"),"") | AV58: =IF(AND(ISNUMBER($I58),OR($K58="Milestone",$K58="Deadline"),$I58>=AV$4,$I58<AV$4+7),IF($K58="Deadline","◇","◆"),"") | ... CM58: =IF(AND(ISNUMBER($I58),OR($K58="Milestone",$K58="Deadline"),$I58>=CM$4,$I58<CM$4+7),IF($K58="Deadline","◇","◆"),"")
A59: T-115 | B59: Sell-In | C59: Phase 1 | D59: WS-2 | E59: Reverse engineer | F59: BR | G59: Redesign | H59: 28 | I59: =MAX($C$2,J56+1,J42+1) -> 46349 | J59: =IF(AND(ISNUMBER(I59),ISNUMBER(H59)),I59+H59-1,"") -> 46376 | K59: Task | L59: T-113 | M59: T-19 | O59: =IF(AND(ISNUMBER(I59),ISNUMBER(J59)),J59-I59+1,"") -> 28 | U59: x | V59: x | AF59: x | AO59: =IF(AND(ISNUMBER($I59),OR($K59="Milestone",$K59="Deadline"),$I59>=AO$4,$I59<AO$4+7),IF($K59="Deadline","◇","◆"),"") | AP59: =IF(AND(ISNUMBER($I59),OR($K59="Milestone",$K59="Deadline"),$I59>=AP$4,$I59<AP$4+7),IF($K59="Deadline","◇","◆"),"") | AQ59: =IF(AND(ISNUMBER($I59),OR($K59="Milestone",$K59="Deadline"),$I59>=AQ$4,$I59<AQ$4+7),IF($K59="Deadline","◇","◆"),"") | AR59: =IF(AND(ISNUMBER($I59),OR($K59="Milestone",$K59="Deadline"),$I59>=AR$4,$I59<AR$4+7),IF($K59="Deadline","◇","◆"),"") | AS59: =IF(AND(ISNUMBER($I59),OR($K59="Milestone",$K59="Deadline"),$I59>=AS$4,$I59<AS$4+7),IF($K59="Deadline","◇","◆"),"") | AT59: =IF(AND(ISNUMBER($I59),OR($K59="Milestone",$K59="Deadline"),$I59>=AT$4,$I59<AT$4+7),IF($K59="Deadline","◇","◆"),"") | AU59: =IF(AND(ISNUMBER($I59),OR($K59="Milestone",$K59="Deadline"),$I59>=AU$4,$I59<AU$4+7),IF($K59="Deadline","◇","◆"),"") | AV59: =IF(AND(ISNUMBER($I59),OR($K59="Milestone",$K59="Deadline"),$I59>=AV$4,$I59<AV$4+7),IF($K59="Deadline","◇","◆"),"") | ... CM59: =IF(AND(ISNUMBER($I59),OR($K59="Milestone",$K59="Deadline"),$I59>=CM$4,$I59<CM$4+7),IF($K59="Deadline","◇","◆"),"")
A60: T-224 | B60: Sell-In | C60: Phase 1 | D60: WS-2 | E60: Reverse engineer | F60: SOCO & BR | G60: Manual files load | H60: 7 | I60: =MAX($C$2,J55+1,J59+1,J8+1,J73+1) -> 46406 | J60: =IF(AND(ISNUMBER(I60),ISNUMBER(H60)),I60+H60-1,"") -> 46412 | K60: Task | L60: T-111, T-115, T-04 | M60: T-225 | O60: =IF(AND(ISNUMBER(I60),ISNUMBER(J60)),J60-I60+1,"") -> 7 | V60: x | AA60: x | AO60: =IF(AND(ISNUMBER($I60),OR($K60="Milestone",$K60="Deadline"),$I60>=AO$4,$I60<AO$4+7),IF($K60="Deadline","◇","◆"),"") | AP60: =IF(AND(ISNUMBER($I60),OR($K60="Milestone",$K60="Deadline"),$I60>=AP$4,$I60<AP$4+7),IF($K60="Deadline","◇","◆"),"") | AQ60: =IF(AND(ISNUMBER($I60),OR($K60="Milestone",$K60="Deadline"),$I60>=AQ$4,$I60<AQ$4+7),IF($K60="Deadline","◇","◆"),"") | AR60: =IF(AND(ISNUMBER($I60),OR($K60="Milestone",$K60="Deadline"),$I60>=AR$4,$I60<AR$4+7),IF($K60="Deadline","◇","◆"),"") | AS60: =IF(AND(ISNUMBER($I60),OR($K60="Milestone",$K60="Deadline"),$I60>=AS$4,$I60<AS$4+7),IF($K60="Deadline","◇","◆"),"") | AT60: =IF(AND(ISNUMBER($I60),OR($K60="Milestone",$K60="Deadline"),$I60>=AT$4,$I60<AT$4+7),IF($K60="Deadline","◇","◆"),"") | AU60: =IF(AND(ISNUMBER($I60),OR($K60="Milestone",$K60="Deadline"),$I60>=AU$4,$I60<AU$4+7),IF($K60="Deadline","◇","◆"),"") | AV60: =IF(AND(ISNUMBER($I60),OR($K60="Milestone",$K60="Deadline"),$I60>=AV$4,$I60<AV$4+7),IF($K60="Deadline","◇","◆"),"") | ... CM60: =IF(AND(ISNUMBER($I60),OR($K60="Milestone",$K60="Deadline"),$I60>=CM$4,$I60<CM$4+7),IF($K60="Deadline","◇","◆"),"")
A61: T-202 | B61: Sell-In | C61: Phase 1 | D61: WS-2 | E61: Reverse engineer | F61: SOCO & BR | G61: Prototype: core KPI logic | H61: 13 | I61: =MAX($C$2,J60+1,J139+1,J60+1) -> 46413 | J61: =IF(AND(ISNUMBER(I61),ISNUMBER(H61)),I61+H61-1,"") -> 46425 | K61: Task | L61: T-224 | M61: T-152, T-224 | O61: =IF(AND(ISNUMBER(I61),ISNUMBER(J61)),J61-I61+1,"") -> 13 | V61: x | AA61: x | AG61: x | AO61: =IF(AND(ISNUMBER($I61),OR($K61="Milestone",$K61="Deadline"),$I61>=AO$4,$I61<AO$4+7),IF($K61="Deadline","◇","◆"),"") | AP61: =IF(AND(ISNUMBER($I61),OR($K61="Milestone",$K61="Deadline"),$I61>=AP$4,$I61<AP$4+7),IF($K61="Deadline","◇","◆"),"") | AQ61: =IF(AND(ISNUMBER($I61),OR($K61="Milestone",$K61="Deadline"),$I61>=AQ$4,$I61<AQ$4+7),IF($K61="Deadline","◇","◆"),"") | AR61: =IF(AND(ISNUMBER($I61),OR($K61="Milestone",$K61="Deadline"),$I61>=AR$4,$I61<AR$4+7),IF($K61="Deadline","◇","◆"),"") | AS61: =IF(AND(ISNUMBER($I61),OR($K61="Milestone",$K61="Deadline"),$I61>=AS$4,$I61<AS$4+7),IF($K61="Deadline","◇","◆"),"") | AT61: =IF(AND(ISNUMBER($I61),OR($K61="Milestone",$K61="Deadline"),$I61>=AT$4,$I61<AT$4+7),IF($K61="Deadline","◇","◆"),"") | AU61: =IF(AND(ISNUMBER($I61),OR($K61="Milestone",$K61="Deadline"),$I61>=AU$4,$I61<AU$4+7),IF($K61="Deadline","◇","◆"),"") | AV61: =IF(AND(ISNUMBER($I61),OR($K61="Milestone",$K61="Deadline"),$I61>=AV$4,$I61<AV$4+7),IF($K61="Deadline","◇","◆"),"") | ... CM61: =IF(AND(ISNUMBER($I61),OR($K61="Milestone",$K61="Deadline"),$I61>=CM$4,$I61<CM$4+7),IF($K61="Deadline","◇","◆"),"")
A62: T-334 | B62: Sell-In | C62: Phase 3 | D62: WS-2 | E62: Reverse engineer | F62: SOCO & BR | G62: Prototype: custom features | H62: 8 | I62: =MAX(DATE(2027,3,1),J61+1,J268+1,J130+1) -> 46457 | J62: =IF(AND(ISNUMBER(I62),ISNUMBER(H62)),I62+H62-1,"") -> 46464 | K62: Task | L62: T-202 | M62: T-252, T-341 | O62: =IF(AND(ISNUMBER(I62),ISNUMBER(J62)),J62-I62+1,"") -> 8 | V62: x | AB62: x | AH62: x | AO62: =IF(AND(ISNUMBER($I62),OR($K62="Milestone",$K62="Deadline"),$I62>=AO$4,$I62<AO$4+7),IF($K62="Deadline","◇","◆"),"") | AP62: =IF(AND(ISNUMBER($I62),OR($K62="Milestone",$K62="Deadline"),$I62>=AP$4,$I62<AP$4+7),IF($K62="Deadline","◇","◆"),"") | AQ62: =IF(AND(ISNUMBER($I62),OR($K62="Milestone",$K62="Deadline"),$I62>=AQ$4,$I62<AQ$4+7),IF($K62="Deadline","◇","◆"),"") | AR62: =IF(AND(ISNUMBER($I62),OR($K62="Milestone",$K62="Deadline"),$I62>=AR$4,$I62<AR$4+7),IF($K62="Deadline","◇","◆"),"") | AS62: =IF(AND(ISNUMBER($I62),OR($K62="Milestone",$K62="Deadline"),$I62>=AS$4,$I62<AS$4+7),IF($K62="Deadline","◇","◆"),"") | AT62: =IF(AND(ISNUMBER($I62),OR($K62="Milestone",$K62="Deadline"),$I62>=AT$4,$I62<AT$4+7),IF($K62="Deadline","◇","◆"),"") | AU62: =IF(AND(ISNUMBER($I62),OR($K62="Milestone",$K62="Deadline"),$I62>=AU$4,$I62<AU$4+7),IF($K62="Deadline","◇","◆"),"") | AV62: =IF(AND(ISNUMBER($I62),OR($K62="Milestone",$K62="Deadline"),$I62>=AV$4,$I62<AV$4+7),IF($K62="Deadline","◇","◆"),"") | ... CM62: =IF(AND(ISNUMBER($I62),OR($K62="Milestone",$K62="Deadline"),$I62>=CM$4,$I62<CM$4+7),IF($K62="Deadline","◇","◆"),"")
A63: T-381 | B63: Sell-In | C63: Phase 3 | D63: WS-1 | F63: All markets | G63: DQ check definition | H63: 14 | I63: =MAX($C$2,J52+1,J56+1,J237+1) -> 46387 | J63: =IF(AND(ISNUMBER(I63),ISNUMBER(H63)),I63+H63-1,"") -> 46400 | K63: Task | L63: T-109, T-113 | M63: T-389 | O63: =IF(AND(ISNUMBER(I63),ISNUMBER(J63)),J63-I63+1,"") -> 14 | T63: x | AO63: =IF(AND(ISNUMBER($I63),OR($K63="Milestone",$K63="Deadline"),$I63>=AO$4,$I63<AO$4+7),IF($K63="Deadline","◇","◆"),"") | AP63: =IF(AND(ISNUMBER($I63),OR($K63="Milestone",$K63="Deadline"),$I63>=AP$4,$I63<AP$4+7),IF($K63="Deadline","◇","◆"),"") | AQ63: =IF(AND(ISNUMBER($I63),OR($K63="Milestone",$K63="Deadline"),$I63>=AQ$4,$I63<AQ$4+7),IF($K63="Deadline","◇","◆"),"") | AR63: =IF(AND(ISNUMBER($I63),OR($K63="Milestone",$K63="Deadline"),$I63>=AR$4,$I63<AR$4+7),IF($K63="Deadline","◇","◆"),"") | AS63: =IF(AND(ISNUMBER($I63),OR($K63="Milestone",$K63="Deadline"),$I63>=AS$4,$I63<AS$4+7),IF($K63="Deadline","◇","◆"),"") | AT63: =IF(AND(ISNUMBER($I63),OR($K63="Milestone",$K63="Deadline"),$I63>=AT$4,$I63<AT$4+7),IF($K63="Deadline","◇","◆"),"") | AU63: =IF(AND(ISNUMBER($I63),OR($K63="Milestone",$K63="Deadline"),$I63>=AU$4,$I63<AU$4+7),IF($K63="Deadline","◇","◆"),"") | AV63: =IF(AND(ISNUMBER($I63),OR($K63="Milestone",$K63="Deadline"),$I63>=AV$4,$I63<AV$4+7),IF($K63="Deadline","◇","◆"),"") | ... CM63: =IF(AND(ISNUMBER($I63),OR($K63="Milestone",$K63="Deadline"),$I63>=CM$4,$I63<CM$4+7),IF($K63="Deadline","◇","◆"),"")
A64: T-320 | B64: Sell-In | C64: Security | D64: WS-1 | F64: All markets | G64: Row level security | H64: 7 | I64: =MAX($C$2,J50+1,J61+1,J227+1,J280+1) -> 46524 | J64: =IF(AND(ISNUMBER(I64),ISNUMBER(H64)),I64+H64-1,"") -> 46530 | K64: Task | L64: T-201, T-202 | M64: T-325, T-354 | O64: =IF(AND(ISNUMBER(I64),ISNUMBER(J64)),J64-I64+1,"") -> 7 | T64: x | AD64: x | AO64: =IF(AND(ISNUMBER($I64),OR($K64="Milestone",$K64="Deadline"),$I64>=AO$4,$I64<AO$4+7),IF($K64="Deadline","◇","◆"),"") | AP64: =IF(AND(ISNUMBER($I64),OR($K64="Milestone",$K64="Deadline"),$I64>=AP$4,$I64<AP$4+7),IF($K64="Deadline","◇","◆"),"") | AQ64: =IF(AND(ISNUMBER($I64),OR($K64="Milestone",$K64="Deadline"),$I64>=AQ$4,$I64<AQ$4+7),IF($K64="Deadline","◇","◆"),"") | AR64: =IF(AND(ISNUMBER($I64),OR($K64="Milestone",$K64="Deadline"),$I64>=AR$4,$I64<AR$4+7),IF($K64="Deadline","◇","◆"),"") | AS64: =IF(AND(ISNUMBER($I64),OR($K64="Milestone",$K64="Deadline"),$I64>=AS$4,$I64<AS$4+7),IF($K64="Deadline","◇","◆"),"") | AT64: =IF(AND(ISNUMBER($I64),OR($K64="Milestone",$K64="Deadline"),$I64>=AT$4,$I64<AT$4+7),IF($K64="Deadline","◇","◆"),"") | AU64: =IF(AND(ISNUMBER($I64),OR($K64="Milestone",$K64="Deadline"),$I64>=AU$4,$I64<AU$4+7),IF($K64="Deadline","◇","◆"),"") | AV64: =IF(AND(ISNUMBER($I64),OR($K64="Milestone",$K64="Deadline"),$I64>=AV$4,$I64<AV$4+7),IF($K64="Deadline","◇","◆"),"") | ... CM64: =IF(AND(ISNUMBER($I64),OR($K64="Milestone",$K64="Deadline"),$I64>=CM$4,$I64<CM$4+7),IF($K64="Deadline","◇","◆"),"")
A65: T-307 | B65: Sell-In | C65: Global design | D65: WS-1 | F65: All markets | G65: Global report definition | H65: 7 | I65: =MAX($C$2,J294+1) -> 46413 | J65: =IF(AND(ISNUMBER(I65),ISNUMBER(H65)),I65+H65-1,"") -> 46419 | K65: Task | M65: T-254 | O65: =IF(AND(ISNUMBER(I65),ISNUMBER(J65)),J65-I65+1,"") -> 7 | P65: x | AO65: =IF(AND(ISNUMBER($I65),OR($K65="Milestone",$K65="Deadline"),$I65>=AO$4,$I65<AO$4+7),IF($K65="Deadline","◇","◆"),"") | AP65: =IF(AND(ISNUMBER($I65),OR($K65="Milestone",$K65="Deadline"),$I65>=AP$4,$I65<AP$4+7),IF($K65="Deadline","◇","◆"),"") | AQ65: =IF(AND(ISNUMBER($I65),OR($K65="Milestone",$K65="Deadline"),$I65>=AQ$4,$I65<AQ$4+7),IF($K65="Deadline","◇","◆"),"") | AR65: =IF(AND(ISNUMBER($I65),OR($K65="Milestone",$K65="Deadline"),$I65>=AR$4,$I65<AR$4+7),IF($K65="Deadline","◇","◆"),"") | AS65: =IF(AND(ISNUMBER($I65),OR($K65="Milestone",$K65="Deadline"),$I65>=AS$4,$I65<AS$4+7),IF($K65="Deadline","◇","◆"),"") | AT65: =IF(AND(ISNUMBER($I65),OR($K65="Milestone",$K65="Deadline"),$I65>=AT$4,$I65<AT$4+7),IF($K65="Deadline","◇","◆"),"") | AU65: =IF(AND(ISNUMBER($I65),OR($K65="Milestone",$K65="Deadline"),$I65>=AU$4,$I65<AU$4+7),IF($K65="Deadline","◇","◆"),"") | AV65: =IF(AND(ISNUMBER($I65),OR($K65="Milestone",$K65="Deadline"),$I65>=AV$4,$I65<AV$4+7),IF($K65="Deadline","◇","◆"),"") | ... CM65: =IF(AND(ISNUMBER($I65),OR($K65="Milestone",$K65="Deadline"),$I65>=CM$4,$I65<CM$4+7),IF($K65="Deadline","◇","◆"),"")
A66: T-290 | B66: Sell-In | C66: Testing | D66: WS-1 | F66: All markets | G66: Project unit testing preparation | H66: 14 | I66: =MAX(DATE(2027,3,8),J103+1) -> 46454 | J66: =IF(AND(ISNUMBER(I66),ISNUMBER(H66)),I66+H66-1,"") -> 46467 | K66: Task | M66: T-383 | O66: =IF(AND(ISNUMBER(I66),ISNUMBER(J66)),J66-I66+1,"") -> 14 | T66: x | AO66: =IF(AND(ISNUMBER($I66),OR($K66="Milestone",$K66="Deadline"),$I66>=AO$4,$I66<AO$4+7),IF($K66="Deadline","◇","◆"),"") | AP66: =IF(AND(ISNUMBER($I66),OR($K66="Milestone",$K66="Deadline"),$I66>=AP$4,$I66<AP$4+7),IF($K66="Deadline","◇","◆"),"") | AQ66: =IF(AND(ISNUMBER($I66),OR($K66="Milestone",$K66="Deadline"),$I66>=AQ$4,$I66<AQ$4+7),IF($K66="Deadline","◇","◆"),"") | AR66: =IF(AND(ISNUMBER($I66),OR($K66="Milestone",$K66="Deadline"),$I66>=AR$4,$I66<AR$4+7),IF($K66="Deadline","◇","◆"),"") | AS66: =IF(AND(ISNUMBER($I66),OR($K66="Milestone",$K66="Deadline"),$I66>=AS$4,$I66<AS$4+7),IF($K66="Deadline","◇","◆"),"") | AT66: =IF(AND(ISNUMBER($I66),OR($K66="Milestone",$K66="Deadline"),$I66>=AT$4,$I66<AT$4+7),IF($K66="Deadline","◇","◆"),"") | AU66: =IF(AND(ISNUMBER($I66),OR($K66="Milestone",$K66="Deadline"),$I66>=AU$4,$I66<AU$4+7),IF($K66="Deadline","◇","◆"),"") | AV66: =IF(AND(ISNUMBER($I66),OR($K66="Milestone",$K66="Deadline"),$I66>=AV$4,$I66<AV$4+7),IF($K66="Deadline","◇","◆"),"") | ... CM66: =IF(AND(ISNUMBER($I66),OR($K66="Milestone",$K66="Deadline"),$I66>=CM$4,$I66<CM$4+7),IF($K66="Deadline","◇","◆"),"")
A67: T-305 | B67: Sell-Out | C67: Phase 1 | D67: WS-1 | E67: Migration | F67: MX | G67: Report assessment and preselection | H67: 7 | I67: =MAX($C$2,J46+1) -> 46349 | J67: =IF(AND(ISNUMBER(I67),ISNUMBER(H67)),I67+H67-1,"") -> 46355 | K67: Task | M67: T-304 | O67: =IF(AND(ISNUMBER(I67),ISNUMBER(J67)),J67-I67+1,"") -> 7 | P67: x | AO67: =IF(AND(ISNUMBER($I67),OR($K67="Milestone",$K67="Deadline"),$I67>=AO$4,$I67<AO$4+7),IF($K67="Deadline","◇","◆"),"") | AP67: =IF(AND(ISNUMBER($I67),OR($K67="Milestone",$K67="Deadline"),$I67>=AP$4,$I67<AP$4+7),IF($K67="Deadline","◇","◆"),"") | AQ67: =IF(AND(ISNUMBER($I67),OR($K67="Milestone",$K67="Deadline"),$I67>=AQ$4,$I67<AQ$4+7),IF($K67="Deadline","◇","◆"),"") | AR67: =IF(AND(ISNUMBER($I67),OR($K67="Milestone",$K67="Deadline"),$I67>=AR$4,$I67<AR$4+7),IF($K67="Deadline","◇","◆"),"") | AS67: =IF(AND(ISNUMBER($I67),OR($K67="Milestone",$K67="Deadline"),$I67>=AS$4,$I67<AS$4+7),IF($K67="Deadline","◇","◆"),"") | AT67: =IF(AND(ISNUMBER($I67),OR($K67="Milestone",$K67="Deadline"),$I67>=AT$4,$I67<AT$4+7),IF($K67="Deadline","◇","◆"),"") | AU67: =IF(AND(ISNUMBER($I67),OR($K67="Milestone",$K67="Deadline"),$I67>=AU$4,$I67<AU$4+7),IF($K67="Deadline","◇","◆"),"") | AV67: =IF(AND(ISNUMBER($I67),OR($K67="Milestone",$K67="Deadline"),$I67>=AV$4,$I67<AV$4+7),IF($K67="Deadline","◇","◆"),"") | ... CM67: =IF(AND(ISNUMBER($I67),OR($K67="Milestone",$K67="Deadline"),$I67>=CM$4,$I67<CM$4+7),IF($K67="Deadline","◇","◆"),"")
A68: T-118 | B68: Sell-Out | C68: Phase 1 | D68: WS-1 | E68: Migration | F68: MX | G68: Mockup | H68: 7 | I68: =MAX(DATE(2026,12,8),J67+1) -> 46364 | J68: =IF(AND(ISNUMBER(I68),ISNUMBER(H68)),I68+H68-1,"") -> 46370 | K68: Task | L68: T-305 | O68: =IF(AND(ISNUMBER(I68),ISNUMBER(J68)),J68-I68+1,"") -> 7 | AK68: x | AO68: =IF(AND(ISNUMBER($I68),OR($K68="Milestone",$K68="Deadline"),$I68>=AO$4,$I68<AO$4+7),IF($K68="Deadline","◇","◆"),"") | AP68: =IF(AND(ISNUMBER($I68),OR($K68="Milestone",$K68="Deadline"),$I68>=AP$4,$I68<AP$4+7),IF($K68="Deadline","◇","◆"),"") | AQ68: =IF(AND(ISNUMBER($I68),OR($K68="Milestone",$K68="Deadline"),$I68>=AQ$4,$I68<AQ$4+7),IF($K68="Deadline","◇","◆"),"") | AR68: =IF(AND(ISNUMBER($I68),OR($K68="Milestone",$K68="Deadline"),$I68>=AR$4,$I68<AR$4+7),IF($K68="Deadline","◇","◆"),"") | AS68: =IF(AND(ISNUMBER($I68),OR($K68="Milestone",$K68="Deadline"),$I68>=AS$4,$I68<AS$4+7),IF($K68="Deadline","◇","◆"),"") | AT68: =IF(AND(ISNUMBER($I68),OR($K68="Milestone",$K68="Deadline"),$I68>=AT$4,$I68<AT$4+7),IF($K68="Deadline","◇","◆"),"") | AU68: =IF(AND(ISNUMBER($I68),OR($K68="Milestone",$K68="Deadline"),$I68>=AU$4,$I68<AU$4+7),IF($K68="Deadline","◇","◆"),"") | AV68: =IF(AND(ISNUMBER($I68),OR($K68="Milestone",$K68="Deadline"),$I68>=AV$4,$I68<AV$4+7),IF($K68="Deadline","◇","◆"),"") | ... CM68: =IF(AND(ISNUMBER($I68),OR($K68="Milestone",$K68="Deadline"),$I68>=CM$4,$I68<CM$4+7),IF($K68="Deadline","◇","◆"),"")
A69: T-119 | B69: Sell-Out | C69: Phase 1 | D69: WS-1 | E69: Migration | F69: MX | G69: Redesign | H69: 7 | I69: =MAX($C$2,J68+1,J48+1) -> 46385 | J69: =IF(AND(ISNUMBER(I69),ISNUMBER(H69)),I69+H69-1,"") -> 46391 | K69: Task | L69: T-118 | M69: T-107 | O69: =IF(AND(ISNUMBER(I69),ISNUMBER(J69)),J69-I69+1,"") -> 7 | U69: x | V69: x | AI69: x | AO69: =IF(AND(ISNUMBER($I69),OR($K69="Milestone",$K69="Deadline"),$I69>=AO$4,$I69<AO$4+7),IF($K69="Deadline","◇","◆"),"") | AP69: =IF(AND(ISNUMBER($I69),OR($K69="Milestone",$K69="Deadline"),$I69>=AP$4,$I69<AP$4+7),IF($K69="Deadline","◇","◆"),"") | AQ69: =IF(AND(ISNUMBER($I69),OR($K69="Milestone",$K69="Deadline"),$I69>=AQ$4,$I69<AQ$4+7),IF($K69="Deadline","◇","◆"),"") | AR69: =IF(AND(ISNUMBER($I69),OR($K69="Milestone",$K69="Deadline"),$I69>=AR$4,$I69<AR$4+7),IF($K69="Deadline","◇","◆"),"") | AS69: =IF(AND(ISNUMBER($I69),OR($K69="Milestone",$K69="Deadline"),$I69>=AS$4,$I69<AS$4+7),IF($K69="Deadline","◇","◆"),"") | AT69: =IF(AND(ISNUMBER($I69),OR($K69="Milestone",$K69="Deadline"),$I69>=AT$4,$I69<AT$4+7),IF($K69="Deadline","◇","◆"),"") | AU69: =IF(AND(ISNUMBER($I69),OR($K69="Milestone",$K69="Deadline"),$I69>=AU$4,$I69<AU$4+7),IF($K69="Deadline","◇","◆"),"") | AV69: =IF(AND(ISNUMBER($I69),OR($K69="Milestone",$K69="Deadline"),$I69>=AV$4,$I69<AV$4+7),IF($K69="Deadline","◇","◆"),"") | ... CM69: =IF(AND(ISNUMBER($I69),OR($K69="Milestone",$K69="Deadline"),$I69>=CM$4,$I69<CM$4+7),IF($K69="Deadline","◇","◆"),"")
A70: T-306 | B70: Sell-Out | C70: Phase 1 | D70: WS-1 | E70: Migration | F70: WACAM | G70: Report assessment and preselection | H70: 7 | I70: =MAX($C$2,J67+1) -> 46356 | J70: =IF(AND(ISNUMBER(I70),ISNUMBER(H70)),I70+H70-1,"") -> 46362 | K70: Task | M70: T-305 | O70: =IF(AND(ISNUMBER(I70),ISNUMBER(J70)),J70-I70+1,"") -> 7 | P70: x | AO70: =IF(AND(ISNUMBER($I70),OR($K70="Milestone",$K70="Deadline"),$I70>=AO$4,$I70<AO$4+7),IF($K70="Deadline","◇","◆"),"") | AP70: =IF(AND(ISNUMBER($I70),OR($K70="Milestone",$K70="Deadline"),$I70>=AP$4,$I70<AP$4+7),IF($K70="Deadline","◇","◆"),"") | AQ70: =IF(AND(ISNUMBER($I70),OR($K70="Milestone",$K70="Deadline"),$I70>=AQ$4,$I70<AQ$4+7),IF($K70="Deadline","◇","◆"),"") | AR70: =IF(AND(ISNUMBER($I70),OR($K70="Milestone",$K70="Deadline"),$I70>=AR$4,$I70<AR$4+7),IF($K70="Deadline","◇","◆"),"") | AS70: =IF(AND(ISNUMBER($I70),OR($K70="Milestone",$K70="Deadline"),$I70>=AS$4,$I70<AS$4+7),IF($K70="Deadline","◇","◆"),"") | AT70: =IF(AND(ISNUMBER($I70),OR($K70="Milestone",$K70="Deadline"),$I70>=AT$4,$I70<AT$4+7),IF($K70="Deadline","◇","◆"),"") | AU70: =IF(AND(ISNUMBER($I70),OR($K70="Milestone",$K70="Deadline"),$I70>=AU$4,$I70<AU$4+7),IF($K70="Deadline","◇","◆"),"") | AV70: =IF(AND(ISNUMBER($I70),OR($K70="Milestone",$K70="Deadline"),$I70>=AV$4,$I70<AV$4+7),IF($K70="Deadline","◇","◆"),"") | ... CM70: =IF(AND(ISNUMBER($I70),OR($K70="Milestone",$K70="Deadline"),$I70>=CM$4,$I70<CM$4+7),IF($K70="Deadline","◇","◆"),"")
A71: T-122 | B71: Sell-Out | C71: Phase 1 | D71: WS-1 | E71: Migration | F71: WACAM | G71: Mockup | H71: 7 | I71: =MAX(DATE(2026,12,8),J70+1) -> 46364 | J71: =IF(AND(ISNUMBER(I71),ISNUMBER(H71)),I71+H71-1,"") -> 46370 | K71: Task | L71: T-306 | O71: =IF(AND(ISNUMBER(I71),ISNUMBER(J71)),J71-I71+1,"") -> 7 | AL71: x | AO71: =IF(AND(ISNUMBER($I71),OR($K71="Milestone",$K71="Deadline"),$I71>=AO$4,$I71<AO$4+7),IF($K71="Deadline","◇","◆"),"") | AP71: =IF(AND(ISNUMBER($I71),OR($K71="Milestone",$K71="Deadline"),$I71>=AP$4,$I71<AP$4+7),IF($K71="Deadline","◇","◆"),"") | AQ71: =IF(AND(ISNUMBER($I71),OR($K71="Milestone",$K71="Deadline"),$I71>=AQ$4,$I71<AQ$4+7),IF($K71="Deadline","◇","◆"),"") | AR71: =IF(AND(ISNUMBER($I71),OR($K71="Milestone",$K71="Deadline"),$I71>=AR$4,$I71<AR$4+7),IF($K71="Deadline","◇","◆"),"") | AS71: =IF(AND(ISNUMBER($I71),OR($K71="Milestone",$K71="Deadline"),$I71>=AS$4,$I71<AS$4+7),IF($K71="Deadline","◇","◆"),"") | AT71: =IF(AND(ISNUMBER($I71),OR($K71="Milestone",$K71="Deadline"),$I71>=AT$4,$I71<AT$4+7),IF($K71="Deadline","◇","◆"),"") | AU71: =IF(AND(ISNUMBER($I71),OR($K71="Milestone",$K71="Deadline"),$I71>=AU$4,$I71<AU$4+7),IF($K71="Deadline","◇","◆"),"") | AV71: =IF(AND(ISNUMBER($I71),OR($K71="Milestone",$K71="Deadline"),$I71>=AV$4,$I71<AV$4+7),IF($K71="Deadline","◇","◆"),"") | ... CM71: =IF(AND(ISNUMBER($I71),OR($K71="Milestone",$K71="Deadline"),$I71>=CM$4,$I71<CM$4+7),IF($K71="Deadline","◇","◆"),"")
A72: T-123 | B72: Sell-Out | C72: Phase 1 | D72: WS-1 | E72: Migration | F72: WACAM | G72: Redesign | H72: 7 | I72: =MAX($C$2,J71+1,J38+1) -> 46377 | J72: =IF(AND(ISNUMBER(I72),ISNUMBER(H72)),I72+H72-1,"") -> 46383 | K72: Task | L72: T-122 | M72: T-15 | O72: =IF(AND(ISNUMBER(I72),ISNUMBER(J72)),J72-I72+1,"") -> 7 | U72: x | V72: x | Z72: x | AO72: =IF(AND(ISNUMBER($I72),OR($K72="Milestone",$K72="Deadline"),$I72>=AO$4,$I72<AO$4+7),IF($K72="Deadline","◇","◆"),"") | AP72: =IF(AND(ISNUMBER($I72),OR($K72="Milestone",$K72="Deadline"),$I72>=AP$4,$I72<AP$4+7),IF($K72="Deadline","◇","◆"),"") | AQ72: =IF(AND(ISNUMBER($I72),OR($K72="Milestone",$K72="Deadline"),$I72>=AQ$4,$I72<AQ$4+7),IF($K72="Deadline","◇","◆"),"") | AR72: =IF(AND(ISNUMBER($I72),OR($K72="Milestone",$K72="Deadline"),$I72>=AR$4,$I72<AR$4+7),IF($K72="Deadline","◇","◆"),"") | AS72: =IF(AND(ISNUMBER($I72),OR($K72="Milestone",$K72="Deadline"),$I72>=AS$4,$I72<AS$4+7),IF($K72="Deadline","◇","◆"),"") | AT72: =IF(AND(ISNUMBER($I72),OR($K72="Milestone",$K72="Deadline"),$I72>=AT$4,$I72<AT$4+7),IF($K72="Deadline","◇","◆"),"") | AU72: =IF(AND(ISNUMBER($I72),OR($K72="Milestone",$K72="Deadline"),$I72>=AU$4,$I72<AU$4+7),IF($K72="Deadline","◇","◆"),"") | AV72: =IF(AND(ISNUMBER($I72),OR($K72="Milestone",$K72="Deadline"),$I72>=AV$4,$I72<AV$4+7),IF($K72="Deadline","◇","◆"),"") | ... CM72: =IF(AND(ISNUMBER($I72),OR($K72="Milestone",$K72="Deadline"),$I72>=CM$4,$I72<CM$4+7),IF($K72="Deadline","◇","◆"),"")
A73: T-225 | B73: Sell-Out | C73: Phase 1 | D73: WS-1 | E73: Migration | F73: MX & WACAM | G73: Manual files load | H73: 14 | I73: =MAX($C$2,J69+1,J72+1,J9+1,J10+1,J289+1) -> 46392 | J73: =IF(AND(ISNUMBER(I73),ISNUMBER(H73)),I73+H73-1,"") -> 46405 | K73: Task | L73: T-119, T-123, T-05, T-06 | M73: T-46 | O73: =IF(AND(ISNUMBER(I73),ISNUMBER(J73)),J73-I73+1,"") -> 14 | V73: x | AA73: x | AO73: =IF(AND(ISNUMBER($I73),OR($K73="Milestone",$K73="Deadline"),$I73>=AO$4,$I73<AO$4+7),IF($K73="Deadline","◇","◆"),"") | AP73: =IF(AND(ISNUMBER($I73),OR($K73="Milestone",$K73="Deadline"),$I73>=AP$4,$I73<AP$4+7),IF($K73="Deadline","◇","◆"),"") | AQ73: =IF(AND(ISNUMBER($I73),OR($K73="Milestone",$K73="Deadline"),$I73>=AQ$4,$I73<AQ$4+7),IF($K73="Deadline","◇","◆"),"") | AR73: =IF(AND(ISNUMBER($I73),OR($K73="Milestone",$K73="Deadline"),$I73>=AR$4,$I73<AR$4+7),IF($K73="Deadline","◇","◆"),"") | AS73: =IF(AND(ISNUMBER($I73),OR($K73="Milestone",$K73="Deadline"),$I73>=AS$4,$I73<AS$4+7),IF($K73="Deadline","◇","◆"),"") | AT73: =IF(AND(ISNUMBER($I73),OR($K73="Milestone",$K73="Deadline"),$I73>=AT$4,$I73<AT$4+7),IF($K73="Deadline","◇","◆"),"") | AU73: =IF(AND(ISNUMBER($I73),OR($K73="Milestone",$K73="Deadline"),$I73>=AU$4,$I73<AU$4+7),IF($K73="Deadline","◇","◆"),"") | AV73: =IF(AND(ISNUMBER($I73),OR($K73="Milestone",$K73="Deadline"),$I73>=AV$4,$I73<AV$4+7),IF($K73="Deadline","◇","◆"),"") | ... CM73: =IF(AND(ISNUMBER($I73),OR($K73="Milestone",$K73="Deadline"),$I73>=CM$4,$I73<CM$4+7),IF($K73="Deadline","◇","◆"),"")
A74: T-203 | B74: Sell-Out | C74: Phase 1 | D74: WS-1 | E74: Migration | F74: MX & WACAM | G74: Prototype: core KPI logic | H74: 13 | I74: =MAX($C$2,J72+1,J72+1) -> 46384 | J74: =IF(AND(ISNUMBER(I74),ISNUMBER(H74)),I74+H74-1,"") -> 46396 | K74: Task | L74: T-123 | M74: T-123 | O74: =IF(AND(ISNUMBER(I74),ISNUMBER(J74)),J74-I74+1,"") -> 13 | V74: x | Z74: x | AO74: =IF(AND(ISNUMBER($I74),OR($K74="Milestone",$K74="Deadline"),$I74>=AO$4,$I74<AO$4+7),IF($K74="Deadline","◇","◆"),"") | AP74: =IF(AND(ISNUMBER($I74),OR($K74="Milestone",$K74="Deadline"),$I74>=AP$4,$I74<AP$4+7),IF($K74="Deadline","◇","◆"),"") | AQ74: =IF(AND(ISNUMBER($I74),OR($K74="Milestone",$K74="Deadline"),$I74>=AQ$4,$I74<AQ$4+7),IF($K74="Deadline","◇","◆"),"") | AR74: =IF(AND(ISNUMBER($I74),OR($K74="Milestone",$K74="Deadline"),$I74>=AR$4,$I74<AR$4+7),IF($K74="Deadline","◇","◆"),"") | AS74: =IF(AND(ISNUMBER($I74),OR($K74="Milestone",$K74="Deadline"),$I74>=AS$4,$I74<AS$4+7),IF($K74="Deadline","◇","◆"),"") | AT74: =IF(AND(ISNUMBER($I74),OR($K74="Milestone",$K74="Deadline"),$I74>=AT$4,$I74<AT$4+7),IF($K74="Deadline","◇","◆"),"") | AU74: =IF(AND(ISNUMBER($I74),OR($K74="Milestone",$K74="Deadline"),$I74>=AU$4,$I74<AU$4+7),IF($K74="Deadline","◇","◆"),"") | AV74: =IF(AND(ISNUMBER($I74),OR($K74="Milestone",$K74="Deadline"),$I74>=AV$4,$I74<AV$4+7),IF($K74="Deadline","◇","◆"),"") | ... CM74: =IF(AND(ISNUMBER($I74),OR($K74="Milestone",$K74="Deadline"),$I74>=CM$4,$I74<CM$4+7),IF($K74="Deadline","◇","◆"),"")
A75: T-335 | B75: Sell-Out | C75: Phase 3 | D75: WS-1 | E75: Migration | F75: MX & WACAM | G75: Prototype: custom features | H75: 8 | I75: =MAX(DATE(2027,3,1),J74+1,J279+1) -> 46451 | J75: =IF(AND(ISNUMBER(I75),ISNUMBER(H75)),I75+H75-1,"") -> 46458 | K75: Task | L75: T-203 | M75: T-289 | O75: =IF(AND(ISNUMBER(I75),ISNUMBER(J75)),J75-I75+1,"") -> 8 | V75: x | AE75: x | AO75: =IF(AND(ISNUMBER($I75),OR($K75="Milestone",$K75="Deadline"),$I75>=AO$4,$I75<AO$4+7),IF($K75="Deadline","◇","◆"),"") | AP75: =IF(AND(ISNUMBER($I75),OR($K75="Milestone",$K75="Deadline"),$I75>=AP$4,$I75<AP$4+7),IF($K75="Deadline","◇","◆"),"") | AQ75: =IF(AND(ISNUMBER($I75),OR($K75="Milestone",$K75="Deadline"),$I75>=AQ$4,$I75<AQ$4+7),IF($K75="Deadline","◇","◆"),"") | AR75: =IF(AND(ISNUMBER($I75),OR($K75="Milestone",$K75="Deadline"),$I75>=AR$4,$I75<AR$4+7),IF($K75="Deadline","◇","◆"),"") | AS75: =IF(AND(ISNUMBER($I75),OR($K75="Milestone",$K75="Deadline"),$I75>=AS$4,$I75<AS$4+7),IF($K75="Deadline","◇","◆"),"") | AT75: =IF(AND(ISNUMBER($I75),OR($K75="Milestone",$K75="Deadline"),$I75>=AT$4,$I75<AT$4+7),IF($K75="Deadline","◇","◆"),"") | AU75: =IF(AND(ISNUMBER($I75),OR($K75="Milestone",$K75="Deadline"),$I75>=AU$4,$I75<AU$4+7),IF($K75="Deadline","◇","◆"),"") | AV75: =IF(AND(ISNUMBER($I75),OR($K75="Milestone",$K75="Deadline"),$I75>=AV$4,$I75<AV$4+7),IF($K75="Deadline","◇","◆"),"") | ... CM75: =IF(AND(ISNUMBER($I75),OR($K75="Milestone",$K75="Deadline"),$I75>=CM$4,$I75<CM$4+7),IF($K75="Deadline","◇","◆"),"")
A76: T-125 | B76: Sell-Out | C76: Phase 1 | D76: WS-2 | E76: Reverse engineer | F76: SOCO | G76: Analysis | H76: 14 | I76: =MAX(DATE(2026,11,9),J78+1,J122+1) -> 46346 | J76: =IF(AND(ISNUMBER(I76),ISNUMBER(H76)),I76+H76-1,"") -> 46359 | K76: Task | L76: T-244 | M76: T-141 | O76: =IF(AND(ISNUMBER(I76),ISNUMBER(J76)),J76-I76+1,"") -> 14 | T76: x | U76: x | V76: x | AO76: =IF(AND(ISNUMBER($I76),OR($K76="Milestone",$K76="Deadline"),$I76>=AO$4,$I76<AO$4+7),IF($K76="Deadline","◇","◆"),"") | AP76: =IF(AND(ISNUMBER($I76),OR($K76="Milestone",$K76="Deadline"),$I76>=AP$4,$I76<AP$4+7),IF($K76="Deadline","◇","◆"),"") | AQ76: =IF(AND(ISNUMBER($I76),OR($K76="Milestone",$K76="Deadline"),$I76>=AQ$4,$I76<AQ$4+7),IF($K76="Deadline","◇","◆"),"") | AR76: =IF(AND(ISNUMBER($I76),OR($K76="Milestone",$K76="Deadline"),$I76>=AR$4,$I76<AR$4+7),IF($K76="Deadline","◇","◆"),"") | AS76: =IF(AND(ISNUMBER($I76),OR($K76="Milestone",$K76="Deadline"),$I76>=AS$4,$I76<AS$4+7),IF($K76="Deadline","◇","◆"),"") | AT76: =IF(AND(ISNUMBER($I76),OR($K76="Milestone",$K76="Deadline"),$I76>=AT$4,$I76<AT$4+7),IF($K76="Deadline","◇","◆"),"") | AU76: =IF(AND(ISNUMBER($I76),OR($K76="Milestone",$K76="Deadline"),$I76>=AU$4,$I76<AU$4+7),IF($K76="Deadline","◇","◆"),"") | AV76: =IF(AND(ISNUMBER($I76),OR($K76="Milestone",$K76="Deadline"),$I76>=AV$4,$I76<AV$4+7),IF($K76="Deadline","◇","◆"),"") | ... CM76: =IF(AND(ISNUMBER($I76),OR($K76="Milestone",$K76="Deadline"),$I76>=CM$4,$I76<CM$4+7),IF($K76="Deadline","◇","◆"),"")
A77: T-126 | B77: Sell-Out | C77: Phase 1 | D77: WS-2 | E77: Reverse engineer | F77: SOCO | G77: Mockup | H77: 14 | I77: 46364 | J77: =IF(AND(ISNUMBER(I77),ISNUMBER(H77)),I77+H77-1,"") -> 46377 | K77: Task | O77: =IF(AND(ISNUMBER(I77),ISNUMBER(J77)),J77-I77+1,"") -> 14 | AK77: x | AO77: =IF(AND(ISNUMBER($I77),OR($K77="Milestone",$K77="Deadline"),$I77>=AO$4,$I77<AO$4+7),IF($K77="Deadline","◇","◆"),"") | AP77: =IF(AND(ISNUMBER($I77),OR($K77="Milestone",$K77="Deadline"),$I77>=AP$4,$I77<AP$4+7),IF($K77="Deadline","◇","◆"),"") | AQ77: =IF(AND(ISNUMBER($I77),OR($K77="Milestone",$K77="Deadline"),$I77>=AQ$4,$I77<AQ$4+7),IF($K77="Deadline","◇","◆"),"") | AR77: =IF(AND(ISNUMBER($I77),OR($K77="Milestone",$K77="Deadline"),$I77>=AR$4,$I77<AR$4+7),IF($K77="Deadline","◇","◆"),"") | AS77: =IF(AND(ISNUMBER($I77),OR($K77="Milestone",$K77="Deadline"),$I77>=AS$4,$I77<AS$4+7),IF($K77="Deadline","◇","◆"),"") | AT77: =IF(AND(ISNUMBER($I77),OR($K77="Milestone",$K77="Deadline"),$I77>=AT$4,$I77<AT$4+7),IF($K77="Deadline","◇","◆"),"") | AU77: =IF(AND(ISNUMBER($I77),OR($K77="Milestone",$K77="Deadline"),$I77>=AU$4,$I77<AU$4+7),IF($K77="Deadline","◇","◆"),"") | AV77: =IF(AND(ISNUMBER($I77),OR($K77="Milestone",$K77="Deadline"),$I77>=AV$4,$I77<AV$4+7),IF($K77="Deadline","◇","◆"),"") | ... CM77: =IF(AND(ISNUMBER($I77),OR($K77="Milestone",$K77="Deadline"),$I77>=CM$4,$I77<CM$4+7),IF($K77="Deadline","◇","◆"),"")
A78: T-244 | B78: Sell-Out | C78: Phase 1 | D78: WS-2 | E78: Reverse engineer | F78: SOCO | G78: Capture existing code | H78: 2 | I78: =MAX(DATE(2026,11,2),J54+1,J54+1) -> 46330 | J78: =IF(AND(ISNUMBER(I78),ISNUMBER(H78)),I78+H78-1,"") -> 46331 | K78: Task | L78: T-242 | M78: T-242 | O78: =IF(AND(ISNUMBER(I78),ISNUMBER(J78)),J78-I78+1,"") -> 2 | AD78: x | AK78: x | AO78: =IF(AND(ISNUMBER($I78),OR($K78="Milestone",$K78="Deadline"),$I78>=AO$4,$I78<AO$4+7),IF($K78="Deadline","◇","◆"),"") | AP78: =IF(AND(ISNUMBER($I78),OR($K78="Milestone",$K78="Deadline"),$I78>=AP$4,$I78<AP$4+7),IF($K78="Deadline","◇","◆"),"") | AQ78: =IF(AND(ISNUMBER($I78),OR($K78="Milestone",$K78="Deadline"),$I78>=AQ$4,$I78<AQ$4+7),IF($K78="Deadline","◇","◆"),"") | AR78: =IF(AND(ISNUMBER($I78),OR($K78="Milestone",$K78="Deadline"),$I78>=AR$4,$I78<AR$4+7),IF($K78="Deadline","◇","◆"),"") | AS78: =IF(AND(ISNUMBER($I78),OR($K78="Milestone",$K78="Deadline"),$I78>=AS$4,$I78<AS$4+7),IF($K78="Deadline","◇","◆"),"") | AT78: =IF(AND(ISNUMBER($I78),OR($K78="Milestone",$K78="Deadline"),$I78>=AT$4,$I78<AT$4+7),IF($K78="Deadline","◇","◆"),"") | AU78: =IF(AND(ISNUMBER($I78),OR($K78="Milestone",$K78="Deadline"),$I78>=AU$4,$I78<AU$4+7),IF($K78="Deadline","◇","◆"),"") | AV78: =IF(AND(ISNUMBER($I78),OR($K78="Milestone",$K78="Deadline"),$I78>=AV$4,$I78<AV$4+7),IF($K78="Deadline","◇","◆"),"") | ... CM78: =IF(AND(ISNUMBER($I78),OR($K78="Milestone",$K78="Deadline"),$I78>=CM$4,$I78<CM$4+7),IF($K78="Deadline","◇","◆"),"")
A79: T-127 | B79: Sell-Out | C79: Phase 1 | D79: WS-2 | E79: Reverse engineer | F79: SOCO | G79: Redesign | H79: 7 | I79: =MAX($C$2,J76+1,J263+1) -> 46360 | J79: =IF(AND(ISNUMBER(I79),ISNUMBER(H79)),I79+H79-1,"") -> 46366 | K79: Task | L79: T-125 | M79: T-282 | O79: =IF(AND(ISNUMBER(I79),ISNUMBER(J79)),J79-I79+1,"") -> 7 | U79: x | V79: x | Y79: x | AO79: =IF(AND(ISNUMBER($I79),OR($K79="Milestone",$K79="Deadline"),$I79>=AO$4,$I79<AO$4+7),IF($K79="Deadline","◇","◆"),"") | AP79: =IF(AND(ISNUMBER($I79),OR($K79="Milestone",$K79="Deadline"),$I79>=AP$4,$I79<AP$4+7),IF($K79="Deadline","◇","◆"),"") | AQ79: =IF(AND(ISNUMBER($I79),OR($K79="Milestone",$K79="Deadline"),$I79>=AQ$4,$I79<AQ$4+7),IF($K79="Deadline","◇","◆"),"") | AR79: =IF(AND(ISNUMBER($I79),OR($K79="Milestone",$K79="Deadline"),$I79>=AR$4,$I79<AR$4+7),IF($K79="Deadline","◇","◆"),"") | AS79: =IF(AND(ISNUMBER($I79),OR($K79="Milestone",$K79="Deadline"),$I79>=AS$4,$I79<AS$4+7),IF($K79="Deadline","◇","◆"),"") | AT79: =IF(AND(ISNUMBER($I79),OR($K79="Milestone",$K79="Deadline"),$I79>=AT$4,$I79<AT$4+7),IF($K79="Deadline","◇","◆"),"") | AU79: =IF(AND(ISNUMBER($I79),OR($K79="Milestone",$K79="Deadline"),$I79>=AU$4,$I79<AU$4+7),IF($K79="Deadline","◇","◆"),"") | AV79: =IF(AND(ISNUMBER($I79),OR($K79="Milestone",$K79="Deadline"),$I79>=AV$4,$I79<AV$4+7),IF($K79="Deadline","◇","◆"),"") | ... CM79: =IF(AND(ISNUMBER($I79),OR($K79="Milestone",$K79="Deadline"),$I79>=CM$4,$I79<CM$4+7),IF($K79="Deadline","◇","◆"),"")
A80: T-129 | B80: Sell-Out | C80: Phase 1 | D80: WS-2 | E80: Reverse engineer | F80: BR | G80: Analysis | H80: 14 | I80: =MAX(DATE(2026,11,9),J78+1,J125+1) -> 46347 | J80: =IF(AND(ISNUMBER(I80),ISNUMBER(H80)),I80+H80-1,"") -> 46360 | K80: Task | L80: T-244 | M80: T-145 | O80: =IF(AND(ISNUMBER(I80),ISNUMBER(J80)),J80-I80+1,"") -> 14 | Q80: x | U80: x | W80: x | AO80: =IF(AND(ISNUMBER($I80),OR($K80="Milestone",$K80="Deadline"),$I80>=AO$4,$I80<AO$4+7),IF($K80="Deadline","◇","◆"),"") | AP80: =IF(AND(ISNUMBER($I80),OR($K80="Milestone",$K80="Deadline"),$I80>=AP$4,$I80<AP$4+7),IF($K80="Deadline","◇","◆"),"") | AQ80: =IF(AND(ISNUMBER($I80),OR($K80="Milestone",$K80="Deadline"),$I80>=AQ$4,$I80<AQ$4+7),IF($K80="Deadline","◇","◆"),"") | AR80: =IF(AND(ISNUMBER($I80),OR($K80="Milestone",$K80="Deadline"),$I80>=AR$4,$I80<AR$4+7),IF($K80="Deadline","◇","◆"),"") | AS80: =IF(AND(ISNUMBER($I80),OR($K80="Milestone",$K80="Deadline"),$I80>=AS$4,$I80<AS$4+7),IF($K80="Deadline","◇","◆"),"") | AT80: =IF(AND(ISNUMBER($I80),OR($K80="Milestone",$K80="Deadline"),$I80>=AT$4,$I80<AT$4+7),IF($K80="Deadline","◇","◆"),"") | AU80: =IF(AND(ISNUMBER($I80),OR($K80="Milestone",$K80="Deadline"),$I80>=AU$4,$I80<AU$4+7),IF($K80="Deadline","◇","◆"),"") | AV80: =IF(AND(ISNUMBER($I80),OR($K80="Milestone",$K80="Deadline"),$I80>=AV$4,$I80<AV$4+7),IF($K80="Deadline","◇","◆"),"") | ... CM80: =IF(AND(ISNUMBER($I80),OR($K80="Milestone",$K80="Deadline"),$I80>=CM$4,$I80<CM$4+7),IF($K80="Deadline","◇","◆"),"")
A81: T-130 | B81: Sell-Out | C81: Phase 1 | D81: WS-2 | E81: Reverse engineer | F81: BR | G81: Mockup | H81: 14 | I81: 46364 | J81: =IF(AND(ISNUMBER(I81),ISNUMBER(H81)),I81+H81-1,"") -> 46377 | K81: Task | O81: =IF(AND(ISNUMBER(I81),ISNUMBER(J81)),J81-I81+1,"") -> 14 | AL81: x | AO81: =IF(AND(ISNUMBER($I81),OR($K81="Milestone",$K81="Deadline"),$I81>=AO$4,$I81<AO$4+7),IF($K81="Deadline","◇","◆"),"") | AP81: =IF(AND(ISNUMBER($I81),OR($K81="Milestone",$K81="Deadline"),$I81>=AP$4,$I81<AP$4+7),IF($K81="Deadline","◇","◆"),"") | AQ81: =IF(AND(ISNUMBER($I81),OR($K81="Milestone",$K81="Deadline"),$I81>=AQ$4,$I81<AQ$4+7),IF($K81="Deadline","◇","◆"),"") | AR81: =IF(AND(ISNUMBER($I81),OR($K81="Milestone",$K81="Deadline"),$I81>=AR$4,$I81<AR$4+7),IF($K81="Deadline","◇","◆"),"") | AS81: =IF(AND(ISNUMBER($I81),OR($K81="Milestone",$K81="Deadline"),$I81>=AS$4,$I81<AS$4+7),IF($K81="Deadline","◇","◆"),"") | AT81: =IF(AND(ISNUMBER($I81),OR($K81="Milestone",$K81="Deadline"),$I81>=AT$4,$I81<AT$4+7),IF($K81="Deadline","◇","◆"),"") | AU81: =IF(AND(ISNUMBER($I81),OR($K81="Milestone",$K81="Deadline"),$I81>=AU$4,$I81<AU$4+7),IF($K81="Deadline","◇","◆"),"") | AV81: =IF(AND(ISNUMBER($I81),OR($K81="Milestone",$K81="Deadline"),$I81>=AV$4,$I81<AV$4+7),IF($K81="Deadline","◇","◆"),"") | ... CM81: =IF(AND(ISNUMBER($I81),OR($K81="Milestone",$K81="Deadline"),$I81>=CM$4,$I81<CM$4+7),IF($K81="Deadline","◇","◆"),"")
A82: T-245 | B82: Sell-Out | C82: Phase 1 | D82: WS-2 | E82: Reverse engineer | F82: BR | G82: Capture existing code | H82: 3 | I82: =MAX(DATE(2026,11,2),J58+1) -> 46331 | J82: =IF(AND(ISNUMBER(I82),ISNUMBER(H82)),I82+H82-1,"") -> 46333 | K82: Task | L82: T-243 | O82: =IF(AND(ISNUMBER(I82),ISNUMBER(J82)),J82-I82+1,"") -> 3 | AA82: x | AL82: x | AO82: =IF(AND(ISNUMBER($I82),OR($K82="Milestone",$K82="Deadline"),$I82>=AO$4,$I82<AO$4+7),IF($K82="Deadline","◇","◆"),"") | AP82: =IF(AND(ISNUMBER($I82),OR($K82="Milestone",$K82="Deadline"),$I82>=AP$4,$I82<AP$4+7),IF($K82="Deadline","◇","◆"),"") | AQ82: =IF(AND(ISNUMBER($I82),OR($K82="Milestone",$K82="Deadline"),$I82>=AQ$4,$I82<AQ$4+7),IF($K82="Deadline","◇","◆"),"") | AR82: =IF(AND(ISNUMBER($I82),OR($K82="Milestone",$K82="Deadline"),$I82>=AR$4,$I82<AR$4+7),IF($K82="Deadline","◇","◆"),"") | AS82: =IF(AND(ISNUMBER($I82),OR($K82="Milestone",$K82="Deadline"),$I82>=AS$4,$I82<AS$4+7),IF($K82="Deadline","◇","◆"),"") | AT82: =IF(AND(ISNUMBER($I82),OR($K82="Milestone",$K82="Deadline"),$I82>=AT$4,$I82<AT$4+7),IF($K82="Deadline","◇","◆"),"") | AU82: =IF(AND(ISNUMBER($I82),OR($K82="Milestone",$K82="Deadline"),$I82>=AU$4,$I82<AU$4+7),IF($K82="Deadline","◇","◆"),"") | AV82: =IF(AND(ISNUMBER($I82),OR($K82="Milestone",$K82="Deadline"),$I82>=AV$4,$I82<AV$4+7),IF($K82="Deadline","◇","◆"),"") | ... CM82: =IF(AND(ISNUMBER($I82),OR($K82="Milestone",$K82="Deadline"),$I82>=CM$4,$I82<CM$4+7),IF($K82="Deadline","◇","◆"),"")
A83: T-131 | B83: Sell-Out | C83: Phase 1 | D83: WS-2 | E83: Reverse engineer | F83: BR | G83: Redesign | H83: 21 | I83: =MAX($C$2,J80+1) -> 46361 | J83: =IF(AND(ISNUMBER(I83),ISNUMBER(H83)),I83+H83-1,"") -> 46381 | K83: Task | L83: T-129 | O83: =IF(AND(ISNUMBER(I83),ISNUMBER(J83)),J83-I83+1,"") -> 21 | U83: x | V83: x | AG83: x | AO83: =IF(AND(ISNUMBER($I83),OR($K83="Milestone",$K83="Deadline"),$I83>=AO$4,$I83<AO$4+7),IF($K83="Deadline","◇","◆"),"") | AP83: =IF(AND(ISNUMBER($I83),OR($K83="Milestone",$K83="Deadline"),$I83>=AP$4,$I83<AP$4+7),IF($K83="Deadline","◇","◆"),"") | AQ83: =IF(AND(ISNUMBER($I83),OR($K83="Milestone",$K83="Deadline"),$I83>=AQ$4,$I83<AQ$4+7),IF($K83="Deadline","◇","◆"),"") | AR83: =IF(AND(ISNUMBER($I83),OR($K83="Milestone",$K83="Deadline"),$I83>=AR$4,$I83<AR$4+7),IF($K83="Deadline","◇","◆"),"") | AS83: =IF(AND(ISNUMBER($I83),OR($K83="Milestone",$K83="Deadline"),$I83>=AS$4,$I83<AS$4+7),IF($K83="Deadline","◇","◆"),"") | AT83: =IF(AND(ISNUMBER($I83),OR($K83="Milestone",$K83="Deadline"),$I83>=AT$4,$I83<AT$4+7),IF($K83="Deadline","◇","◆"),"") | AU83: =IF(AND(ISNUMBER($I83),OR($K83="Milestone",$K83="Deadline"),$I83>=AU$4,$I83<AU$4+7),IF($K83="Deadline","◇","◆"),"") | AV83: =IF(AND(ISNUMBER($I83),OR($K83="Milestone",$K83="Deadline"),$I83>=AV$4,$I83<AV$4+7),IF($K83="Deadline","◇","◆"),"") | ... CM83: =IF(AND(ISNUMBER($I83),OR($K83="Milestone",$K83="Deadline"),$I83>=CM$4,$I83<CM$4+7),IF($K83="Deadline","◇","◆"),"")
A84: T-226 | B84: Sell-Out | C84: Phase 1 | D84: WS-2 | E84: Reverse engineer | F84: SOCO & BR | G84: Manual files load | H84: 14 | I84: =MAX($C$2,J79+1,J83+1,J9+1,J10+1,J210+1) -> 46382 | J84: =IF(AND(ISNUMBER(I84),ISNUMBER(H84)),I84+H84-1,"") -> 46395 | K84: Task | L84: T-127, T-131, T-05, T-06 | M84: T-238 | O84: =IF(AND(ISNUMBER(I84),ISNUMBER(J84)),J84-I84+1,"") -> 14 | V84: x | AD84: x | AO84: =IF(AND(ISNUMBER($I84),OR($K84="Milestone",$K84="Deadline"),$I84>=AO$4,$I84<AO$4+7),IF($K84="Deadline","◇","◆"),"") | AP84: =IF(AND(ISNUMBER($I84),OR($K84="Milestone",$K84="Deadline"),$I84>=AP$4,$I84<AP$4+7),IF($K84="Deadline","◇","◆"),"") | AQ84: =IF(AND(ISNUMBER($I84),OR($K84="Milestone",$K84="Deadline"),$I84>=AQ$4,$I84<AQ$4+7),IF($K84="Deadline","◇","◆"),"") | AR84: =IF(AND(ISNUMBER($I84),OR($K84="Milestone",$K84="Deadline"),$I84>=AR$4,$I84<AR$4+7),IF($K84="Deadline","◇","◆"),"") | AS84: =IF(AND(ISNUMBER($I84),OR($K84="Milestone",$K84="Deadline"),$I84>=AS$4,$I84<AS$4+7),IF($K84="Deadline","◇","◆"),"") | AT84: =IF(AND(ISNUMBER($I84),OR($K84="Milestone",$K84="Deadline"),$I84>=AT$4,$I84<AT$4+7),IF($K84="Deadline","◇","◆"),"") | AU84: =IF(AND(ISNUMBER($I84),OR($K84="Milestone",$K84="Deadline"),$I84>=AU$4,$I84<AU$4+7),IF($K84="Deadline","◇","◆"),"") | AV84: =IF(AND(ISNUMBER($I84),OR($K84="Milestone",$K84="Deadline"),$I84>=AV$4,$I84<AV$4+7),IF($K84="Deadline","◇","◆"),"") | ... CM84: =IF(AND(ISNUMBER($I84),OR($K84="Milestone",$K84="Deadline"),$I84>=CM$4,$I84<CM$4+7),IF($K84="Deadline","◇","◆"),"")
A85: T-204 | B85: Sell-Out | C85: Phase 1 | D85: WS-2 | E85: Reverse engineer | F85: SOCO & BR | G85: Prototype: core KPI logic | H85: 13 | I85: =MAX($C$2,J84+1,J74+1,J161+1) -> 46397 | J85: =IF(AND(ISNUMBER(I85),ISNUMBER(H85)),I85+H85-1,"") -> 46409 | K85: Task | L85: T-226, T-203 | M85: T-358 | O85: =IF(AND(ISNUMBER(I85),ISNUMBER(J85)),J85-I85+1,"") -> 13 | V85: x | Y85: x | AO85: =IF(AND(ISNUMBER($I85),OR($K85="Milestone",$K85="Deadline"),$I85>=AO$4,$I85<AO$4+7),IF($K85="Deadline","◇","◆"),"") | AP85: =IF(AND(ISNUMBER($I85),OR($K85="Milestone",$K85="Deadline"),$I85>=AP$4,$I85<AP$4+7),IF($K85="Deadline","◇","◆"),"") | AQ85: =IF(AND(ISNUMBER($I85),OR($K85="Milestone",$K85="Deadline"),$I85>=AQ$4,$I85<AQ$4+7),IF($K85="Deadline","◇","◆"),"") | AR85: =IF(AND(ISNUMBER($I85),OR($K85="Milestone",$K85="Deadline"),$I85>=AR$4,$I85<AR$4+7),IF($K85="Deadline","◇","◆"),"") | AS85: =IF(AND(ISNUMBER($I85),OR($K85="Milestone",$K85="Deadline"),$I85>=AS$4,$I85<AS$4+7),IF($K85="Deadline","◇","◆"),"") | AT85: =IF(AND(ISNUMBER($I85),OR($K85="Milestone",$K85="Deadline"),$I85>=AT$4,$I85<AT$4+7),IF($K85="Deadline","◇","◆"),"") | AU85: =IF(AND(ISNUMBER($I85),OR($K85="Milestone",$K85="Deadline"),$I85>=AU$4,$I85<AU$4+7),IF($K85="Deadline","◇","◆"),"") | AV85: =IF(AND(ISNUMBER($I85),OR($K85="Milestone",$K85="Deadline"),$I85>=AV$4,$I85<AV$4+7),IF($K85="Deadline","◇","◆"),"") | ... CM85: =IF(AND(ISNUMBER($I85),OR($K85="Milestone",$K85="Deadline"),$I85>=CM$4,$I85<CM$4+7),IF($K85="Deadline","◇","◆"),"")
A86: T-336 | B86: Sell-Out | C86: Phase 3 | D86: WS-2 | E86: Reverse engineer | F86: SOCO & BR | G86: Prototype: custom features | H86: 8 | I86: =MAX(DATE(2027,3,1),J85+1,J75+1) -> 46459 | J86: =IF(AND(ISNUMBER(I86),ISNUMBER(H86)),I86+H86-1,"") -> 46466 | K86: Task | L86: T-204 | M86: T-335 | O86: =IF(AND(ISNUMBER(I86),ISNUMBER(J86)),J86-I86+1,"") -> 8 | V86: x | AE86: x | AO86: =IF(AND(ISNUMBER($I86),OR($K86="Milestone",$K86="Deadline"),$I86>=AO$4,$I86<AO$4+7),IF($K86="Deadline","◇","◆"),"") | AP86: =IF(AND(ISNUMBER($I86),OR($K86="Milestone",$K86="Deadline"),$I86>=AP$4,$I86<AP$4+7),IF($K86="Deadline","◇","◆"),"") | AQ86: =IF(AND(ISNUMBER($I86),OR($K86="Milestone",$K86="Deadline"),$I86>=AQ$4,$I86<AQ$4+7),IF($K86="Deadline","◇","◆"),"") | AR86: =IF(AND(ISNUMBER($I86),OR($K86="Milestone",$K86="Deadline"),$I86>=AR$4,$I86<AR$4+7),IF($K86="Deadline","◇","◆"),"") | AS86: =IF(AND(ISNUMBER($I86),OR($K86="Milestone",$K86="Deadline"),$I86>=AS$4,$I86<AS$4+7),IF($K86="Deadline","◇","◆"),"") | AT86: =IF(AND(ISNUMBER($I86),OR($K86="Milestone",$K86="Deadline"),$I86>=AT$4,$I86<AT$4+7),IF($K86="Deadline","◇","◆"),"") | AU86: =IF(AND(ISNUMBER($I86),OR($K86="Milestone",$K86="Deadline"),$I86>=AU$4,$I86<AU$4+7),IF($K86="Deadline","◇","◆"),"") | AV86: =IF(AND(ISNUMBER($I86),OR($K86="Milestone",$K86="Deadline"),$I86>=AV$4,$I86<AV$4+7),IF($K86="Deadline","◇","◆"),"") | ... CM86: =IF(AND(ISNUMBER($I86),OR($K86="Milestone",$K86="Deadline"),$I86>=CM$4,$I86<CM$4+7),IF($K86="Deadline","◇","◆"),"")
A87: T-382 | B87: Sell-Out | C87: Phase 3 | D87: WS-1 | F87: All markets | G87: DQ check definition | H87: 14 | I87: =MAX($C$2,J76+1,J80+1,J131+1) -> 46415 | J87: =IF(AND(ISNUMBER(I87),ISNUMBER(H87)),I87+H87-1,"") -> 46428 | K87: Task | L87: T-125, T-129 | M87: T-384 | O87: =IF(AND(ISNUMBER(I87),ISNUMBER(J87)),J87-I87+1,"") -> 14 | T87: x | AO87: =IF(AND(ISNUMBER($I87),OR($K87="Milestone",$K87="Deadline"),$I87>=AO$4,$I87<AO$4+7),IF($K87="Deadline","◇","◆"),"") | AP87: =IF(AND(ISNUMBER($I87),OR($K87="Milestone",$K87="Deadline"),$I87>=AP$4,$I87<AP$4+7),IF($K87="Deadline","◇","◆"),"") | AQ87: =IF(AND(ISNUMBER($I87),OR($K87="Milestone",$K87="Deadline"),$I87>=AQ$4,$I87<AQ$4+7),IF($K87="Deadline","◇","◆"),"") | AR87: =IF(AND(ISNUMBER($I87),OR($K87="Milestone",$K87="Deadline"),$I87>=AR$4,$I87<AR$4+7),IF($K87="Deadline","◇","◆"),"") | AS87: =IF(AND(ISNUMBER($I87),OR($K87="Milestone",$K87="Deadline"),$I87>=AS$4,$I87<AS$4+7),IF($K87="Deadline","◇","◆"),"") | AT87: =IF(AND(ISNUMBER($I87),OR($K87="Milestone",$K87="Deadline"),$I87>=AT$4,$I87<AT$4+7),IF($K87="Deadline","◇","◆"),"") | AU87: =IF(AND(ISNUMBER($I87),OR($K87="Milestone",$K87="Deadline"),$I87>=AU$4,$I87<AU$4+7),IF($K87="Deadline","◇","◆"),"") | AV87: =IF(AND(ISNUMBER($I87),OR($K87="Milestone",$K87="Deadline"),$I87>=AV$4,$I87<AV$4+7),IF($K87="Deadline","◇","◆"),"") | ... CM87: =IF(AND(ISNUMBER($I87),OR($K87="Milestone",$K87="Deadline"),$I87>=CM$4,$I87<CM$4+7),IF($K87="Deadline","◇","◆"),"")
A88: T-324 | B88: Sell-Out | C88: Security | D88: WS-1 | F88: All markets | G88: Row level security | H88: 7 | I88: =MAX($C$2,J74+1,J85+1,J284+1,J197+1) -> 46496 | J88: =IF(AND(ISNUMBER(I88),ISNUMBER(H88)),I88+H88-1,"") -> 46502 | K88: Task | L88: T-203, T-204 | M88: T-302, T-346 | O88: =IF(AND(ISNUMBER(I88),ISNUMBER(J88)),J88-I88+1,"") -> 7 | Q88: x | AF88: x | AO88: =IF(AND(ISNUMBER($I88),OR($K88="Milestone",$K88="Deadline"),$I88>=AO$4,$I88<AO$4+7),IF($K88="Deadline","◇","◆"),"") | AP88: =IF(AND(ISNUMBER($I88),OR($K88="Milestone",$K88="Deadline"),$I88>=AP$4,$I88<AP$4+7),IF($K88="Deadline","◇","◆"),"") | AQ88: =IF(AND(ISNUMBER($I88),OR($K88="Milestone",$K88="Deadline"),$I88>=AQ$4,$I88<AQ$4+7),IF($K88="Deadline","◇","◆"),"") | AR88: =IF(AND(ISNUMBER($I88),OR($K88="Milestone",$K88="Deadline"),$I88>=AR$4,$I88<AR$4+7),IF($K88="Deadline","◇","◆"),"") | AS88: =IF(AND(ISNUMBER($I88),OR($K88="Milestone",$K88="Deadline"),$I88>=AS$4,$I88<AS$4+7),IF($K88="Deadline","◇","◆"),"") | AT88: =IF(AND(ISNUMBER($I88),OR($K88="Milestone",$K88="Deadline"),$I88>=AT$4,$I88<AT$4+7),IF($K88="Deadline","◇","◆"),"") | AU88: =IF(AND(ISNUMBER($I88),OR($K88="Milestone",$K88="Deadline"),$I88>=AU$4,$I88<AU$4+7),IF($K88="Deadline","◇","◆"),"") | AV88: =IF(AND(ISNUMBER($I88),OR($K88="Milestone",$K88="Deadline"),$I88>=AV$4,$I88<AV$4+7),IF($K88="Deadline","◇","◆"),"") | ... CM88: =IF(AND(ISNUMBER($I88),OR($K88="Milestone",$K88="Deadline"),$I88>=CM$4,$I88<CM$4+7),IF($K88="Deadline","◇","◆"),"")
A89: T-308 | B89: Sell-Out | C89: Global design | D89: WS-1 | F89: All markets | G89: Global report definition | H89: 7 | I89: =MAX($C$2,J65+1) -> 46420 | J89: =IF(AND(ISNUMBER(I89),ISNUMBER(H89)),I89+H89-1,"") -> 46426 | K89: Task | M89: T-307 | O89: =IF(AND(ISNUMBER(I89),ISNUMBER(J89)),J89-I89+1,"") -> 7 | P89: x | AO89: =IF(AND(ISNUMBER($I89),OR($K89="Milestone",$K89="Deadline"),$I89>=AO$4,$I89<AO$4+7),IF($K89="Deadline","◇","◆"),"") | AP89: =IF(AND(ISNUMBER($I89),OR($K89="Milestone",$K89="Deadline"),$I89>=AP$4,$I89<AP$4+7),IF($K89="Deadline","◇","◆"),"") | AQ89: =IF(AND(ISNUMBER($I89),OR($K89="Milestone",$K89="Deadline"),$I89>=AQ$4,$I89<AQ$4+7),IF($K89="Deadline","◇","◆"),"") | AR89: =IF(AND(ISNUMBER($I89),OR($K89="Milestone",$K89="Deadline"),$I89>=AR$4,$I89<AR$4+7),IF($K89="Deadline","◇","◆"),"") | AS89: =IF(AND(ISNUMBER($I89),OR($K89="Milestone",$K89="Deadline"),$I89>=AS$4,$I89<AS$4+7),IF($K89="Deadline","◇","◆"),"") | AT89: =IF(AND(ISNUMBER($I89),OR($K89="Milestone",$K89="Deadline"),$I89>=AT$4,$I89<AT$4+7),IF($K89="Deadline","◇","◆"),"") | AU89: =IF(AND(ISNUMBER($I89),OR($K89="Milestone",$K89="Deadline"),$I89>=AU$4,$I89<AU$4+7),IF($K89="Deadline","◇","◆"),"") | AV89: =IF(AND(ISNUMBER($I89),OR($K89="Milestone",$K89="Deadline"),$I89>=AV$4,$I89<AV$4+7),IF($K89="Deadline","◇","◆"),"") | ... CM89: =IF(AND(ISNUMBER($I89),OR($K89="Milestone",$K89="Deadline"),$I89>=CM$4,$I89<CM$4+7),IF($K89="Deadline","◇","◆"),"")
A90: T-294 | B90: Sell-Out | C90: Testing | D90: WS-1 | F90: All markets | G90: Project unit testing preparation | H90: 14 | I90: =MAX(DATE(2027,3,8),J281+1) -> 46454 | J90: =IF(AND(ISNUMBER(I90),ISNUMBER(H90)),I90+H90-1,"") -> 46467 | K90: Task | M90: T-394 | O90: =IF(AND(ISNUMBER(I90),ISNUMBER(J90)),J90-I90+1,"") -> 14 | Q90: x | AO90: =IF(AND(ISNUMBER($I90),OR($K90="Milestone",$K90="Deadline"),$I90>=AO$4,$I90<AO$4+7),IF($K90="Deadline","◇","◆"),"") | AP90: =IF(AND(ISNUMBER($I90),OR($K90="Milestone",$K90="Deadline"),$I90>=AP$4,$I90<AP$4+7),IF($K90="Deadline","◇","◆"),"") | AQ90: =IF(AND(ISNUMBER($I90),OR($K90="Milestone",$K90="Deadline"),$I90>=AQ$4,$I90<AQ$4+7),IF($K90="Deadline","◇","◆"),"") | AR90: =IF(AND(ISNUMBER($I90),OR($K90="Milestone",$K90="Deadline"),$I90>=AR$4,$I90<AR$4+7),IF($K90="Deadline","◇","◆"),"") | AS90: =IF(AND(ISNUMBER($I90),OR($K90="Milestone",$K90="Deadline"),$I90>=AS$4,$I90<AS$4+7),IF($K90="Deadline","◇","◆"),"") | AT90: =IF(AND(ISNUMBER($I90),OR($K90="Milestone",$K90="Deadline"),$I90>=AT$4,$I90<AT$4+7),IF($K90="Deadline","◇","◆"),"") | AU90: =IF(AND(ISNUMBER($I90),OR($K90="Milestone",$K90="Deadline"),$I90>=AU$4,$I90<AU$4+7),IF($K90="Deadline","◇","◆"),"") | AV90: =IF(AND(ISNUMBER($I90),OR($K90="Milestone",$K90="Deadline"),$I90>=AV$4,$I90<AV$4+7),IF($K90="Deadline","◇","◆"),"") | ... CM90: =IF(AND(ISNUMBER($I90),OR($K90="Milestone",$K90="Deadline"),$I90>=CM$4,$I90<CM$4+7),IF($K90="Deadline","◇","◆"),"")
A91: T-227 | B91: SI-SO | C91: Phase 1 | D91: WS-1 | E91: Migration | F91: MX & WACAM | G91: Manual files load | H91: 7 | I91: =MAX($C$2,J50+1,J74+1,J287+1) -> 46405 | J91: =IF(AND(ISNUMBER(I91),ISNUMBER(H91)),I91+H91-1,"") -> 46411 | K91: Task | L91: T-201, T-203 | M91: T-44 | O91: =IF(AND(ISNUMBER(I91),ISNUMBER(J91)),J91-I91+1,"") -> 7 | AD91: x | AO91: =IF(AND(ISNUMBER($I91),OR($K91="Milestone",$K91="Deadline"),$I91>=AO$4,$I91<AO$4+7),IF($K91="Deadline","◇","◆"),"") | AP91: =IF(AND(ISNUMBER($I91),OR($K91="Milestone",$K91="Deadline"),$I91>=AP$4,$I91<AP$4+7),IF($K91="Deadline","◇","◆"),"") | AQ91: =IF(AND(ISNUMBER($I91),OR($K91="Milestone",$K91="Deadline"),$I91>=AQ$4,$I91<AQ$4+7),IF($K91="Deadline","◇","◆"),"") | AR91: =IF(AND(ISNUMBER($I91),OR($K91="Milestone",$K91="Deadline"),$I91>=AR$4,$I91<AR$4+7),IF($K91="Deadline","◇","◆"),"") | AS91: =IF(AND(ISNUMBER($I91),OR($K91="Milestone",$K91="Deadline"),$I91>=AS$4,$I91<AS$4+7),IF($K91="Deadline","◇","◆"),"") | AT91: =IF(AND(ISNUMBER($I91),OR($K91="Milestone",$K91="Deadline"),$I91>=AT$4,$I91<AT$4+7),IF($K91="Deadline","◇","◆"),"") | AU91: =IF(AND(ISNUMBER($I91),OR($K91="Milestone",$K91="Deadline"),$I91>=AU$4,$I91<AU$4+7),IF($K91="Deadline","◇","◆"),"") | AV91: =IF(AND(ISNUMBER($I91),OR($K91="Milestone",$K91="Deadline"),$I91>=AV$4,$I91<AV$4+7),IF($K91="Deadline","◇","◆"),"") | ... CM91: =IF(AND(ISNUMBER($I91),OR($K91="Milestone",$K91="Deadline"),$I91>=CM$4,$I91<CM$4+7),IF($K91="Deadline","◇","◆"),"")
A92: T-205 | B92: SI-SO | C92: Phase 1 | D92: WS-1 | E92: Migration | F92: MX & WACAM | G92: Build: core KPI logic | H92: 13 | I92: =MAX($C$2,J91+1,J173+1) -> 46412 | J92: =IF(AND(ISNUMBER(I92),ISNUMBER(H92)),I92+H92-1,"") -> 46424 | K92: Task | L92: T-227 | M92: T-370 | O92: =IF(AND(ISNUMBER(I92),ISNUMBER(J92)),J92-I92+1,"") -> 13 | V92: x | AC92: x | AO92: =IF(AND(ISNUMBER($I92),OR($K92="Milestone",$K92="Deadline"),$I92>=AO$4,$I92<AO$4+7),IF($K92="Deadline","◇","◆"),"") | AP92: =IF(AND(ISNUMBER($I92),OR($K92="Milestone",$K92="Deadline"),$I92>=AP$4,$I92<AP$4+7),IF($K92="Deadline","◇","◆"),"") | AQ92: =IF(AND(ISNUMBER($I92),OR($K92="Milestone",$K92="Deadline"),$I92>=AQ$4,$I92<AQ$4+7),IF($K92="Deadline","◇","◆"),"") | AR92: =IF(AND(ISNUMBER($I92),OR($K92="Milestone",$K92="Deadline"),$I92>=AR$4,$I92<AR$4+7),IF($K92="Deadline","◇","◆"),"") | AS92: =IF(AND(ISNUMBER($I92),OR($K92="Milestone",$K92="Deadline"),$I92>=AS$4,$I92<AS$4+7),IF($K92="Deadline","◇","◆"),"") | AT92: =IF(AND(ISNUMBER($I92),OR($K92="Milestone",$K92="Deadline"),$I92>=AT$4,$I92<AT$4+7),IF($K92="Deadline","◇","◆"),"") | AU92: =IF(AND(ISNUMBER($I92),OR($K92="Milestone",$K92="Deadline"),$I92>=AU$4,$I92<AU$4+7),IF($K92="Deadline","◇","◆"),"") | AV92: =IF(AND(ISNUMBER($I92),OR($K92="Milestone",$K92="Deadline"),$I92>=AV$4,$I92<AV$4+7),IF($K92="Deadline","◇","◆"),"") | ... CM92: =IF(AND(ISNUMBER($I92),OR($K92="Milestone",$K92="Deadline"),$I92>=CM$4,$I92<CM$4+7),IF($K92="Deadline","◇","◆"),"")
A93: T-337 | B93: SI-SO | C93: Phase 3 | D93: WS-1 | E93: Migration | F93: MX & WACAM | G93: Build: custom features | H93: 8 | I93: =MAX(DATE(2027,3,1),J92+1,J202+1) -> 46447 | J93: =IF(AND(ISNUMBER(I93),ISNUMBER(H93)),I93+H93-1,"") -> 46454 | K93: Task | L93: T-205 | M93: T-180 | O93: =IF(AND(ISNUMBER(I93),ISNUMBER(J93)),J93-I93+1,"") -> 8 | V93: x | AG93: x | AO93: =IF(AND(ISNUMBER($I93),OR($K93="Milestone",$K93="Deadline"),$I93>=AO$4,$I93<AO$4+7),IF($K93="Deadline","◇","◆"),"") | AP93: =IF(AND(ISNUMBER($I93),OR($K93="Milestone",$K93="Deadline"),$I93>=AP$4,$I93<AP$4+7),IF($K93="Deadline","◇","◆"),"") | AQ93: =IF(AND(ISNUMBER($I93),OR($K93="Milestone",$K93="Deadline"),$I93>=AQ$4,$I93<AQ$4+7),IF($K93="Deadline","◇","◆"),"") | AR93: =IF(AND(ISNUMBER($I93),OR($K93="Milestone",$K93="Deadline"),$I93>=AR$4,$I93<AR$4+7),IF($K93="Deadline","◇","◆"),"") | AS93: =IF(AND(ISNUMBER($I93),OR($K93="Milestone",$K93="Deadline"),$I93>=AS$4,$I93<AS$4+7),IF($K93="Deadline","◇","◆"),"") | AT93: =IF(AND(ISNUMBER($I93),OR($K93="Milestone",$K93="Deadline"),$I93>=AT$4,$I93<AT$4+7),IF($K93="Deadline","◇","◆"),"") | AU93: =IF(AND(ISNUMBER($I93),OR($K93="Milestone",$K93="Deadline"),$I93>=AU$4,$I93<AU$4+7),IF($K93="Deadline","◇","◆"),"") | AV93: =IF(AND(ISNUMBER($I93),OR($K93="Milestone",$K93="Deadline"),$I93>=AV$4,$I93<AV$4+7),IF($K93="Deadline","◇","◆"),"") | ... CM93: =IF(AND(ISNUMBER($I93),OR($K93="Milestone",$K93="Deadline"),$I93>=CM$4,$I93<CM$4+7),IF($K93="Deadline","◇","◆"),"")
A94: T-206 | B94: SI-SO | C94: Phase 1 | D94: WS-2 | E94: Discovery | F94: BR | G94: Analysis | H94: 7 | I94: =MAX(DATE(2026,11,16),J80+1,J80+1) -> 46361 | J94: =IF(AND(ISNUMBER(I94),ISNUMBER(H94)),I94+H94-1,"") -> 46367 | K94: Task | L94: T-129 | M94: T-129 | O94: =IF(AND(ISNUMBER(I94),ISNUMBER(J94)),J94-I94+1,"") -> 7 | Q94: x | W94: x | AO94: =IF(AND(ISNUMBER($I94),OR($K94="Milestone",$K94="Deadline"),$I94>=AO$4,$I94<AO$4+7),IF($K94="Deadline","◇","◆"),"") | AP94: =IF(AND(ISNUMBER($I94),OR($K94="Milestone",$K94="Deadline"),$I94>=AP$4,$I94<AP$4+7),IF($K94="Deadline","◇","◆"),"") | AQ94: =IF(AND(ISNUMBER($I94),OR($K94="Milestone",$K94="Deadline"),$I94>=AQ$4,$I94<AQ$4+7),IF($K94="Deadline","◇","◆"),"") | AR94: =IF(AND(ISNUMBER($I94),OR($K94="Milestone",$K94="Deadline"),$I94>=AR$4,$I94<AR$4+7),IF($K94="Deadline","◇","◆"),"") | AS94: =IF(AND(ISNUMBER($I94),OR($K94="Milestone",$K94="Deadline"),$I94>=AS$4,$I94<AS$4+7),IF($K94="Deadline","◇","◆"),"") | AT94: =IF(AND(ISNUMBER($I94),OR($K94="Milestone",$K94="Deadline"),$I94>=AT$4,$I94<AT$4+7),IF($K94="Deadline","◇","◆"),"") | AU94: =IF(AND(ISNUMBER($I94),OR($K94="Milestone",$K94="Deadline"),$I94>=AU$4,$I94<AU$4+7),IF($K94="Deadline","◇","◆"),"") | AV94: =IF(AND(ISNUMBER($I94),OR($K94="Milestone",$K94="Deadline"),$I94>=AV$4,$I94<AV$4+7),IF($K94="Deadline","◇","◆"),"") | ... CM94: =IF(AND(ISNUMBER($I94),OR($K94="Milestone",$K94="Deadline"),$I94>=CM$4,$I94<CM$4+7),IF($K94="Deadline","◇","◆"),"")
A95: T-207 | B95: SI-SO | C95: Phase 1 | D95: WS-2 | E95: Discovery | F95: BR | G95: Mockup | H95: 7 | I95: 46364 | J95: =IF(AND(ISNUMBER(I95),ISNUMBER(H95)),I95+H95-1,"") -> 46370 | K95: Task | O95: =IF(AND(ISNUMBER(I95),ISNUMBER(J95)),J95-I95+1,"") -> 7 | AK95: x | AO95: =IF(AND(ISNUMBER($I95),OR($K95="Milestone",$K95="Deadline"),$I95>=AO$4,$I95<AO$4+7),IF($K95="Deadline","◇","◆"),"") | AP95: =IF(AND(ISNUMBER($I95),OR($K95="Milestone",$K95="Deadline"),$I95>=AP$4,$I95<AP$4+7),IF($K95="Deadline","◇","◆"),"") | AQ95: =IF(AND(ISNUMBER($I95),OR($K95="Milestone",$K95="Deadline"),$I95>=AQ$4,$I95<AQ$4+7),IF($K95="Deadline","◇","◆"),"") | AR95: =IF(AND(ISNUMBER($I95),OR($K95="Milestone",$K95="Deadline"),$I95>=AR$4,$I95<AR$4+7),IF($K95="Deadline","◇","◆"),"") | AS95: =IF(AND(ISNUMBER($I95),OR($K95="Milestone",$K95="Deadline"),$I95>=AS$4,$I95<AS$4+7),IF($K95="Deadline","◇","◆"),"") | AT95: =IF(AND(ISNUMBER($I95),OR($K95="Milestone",$K95="Deadline"),$I95>=AT$4,$I95<AT$4+7),IF($K95="Deadline","◇","◆"),"") | AU95: =IF(AND(ISNUMBER($I95),OR($K95="Milestone",$K95="Deadline"),$I95>=AU$4,$I95<AU$4+7),IF($K95="Deadline","◇","◆"),"") | AV95: =IF(AND(ISNUMBER($I95),OR($K95="Milestone",$K95="Deadline"),$I95>=AV$4,$I95<AV$4+7),IF($K95="Deadline","◇","◆"),"") | ... CM95: =IF(AND(ISNUMBER($I95),OR($K95="Milestone",$K95="Deadline"),$I95>=CM$4,$I95<CM$4+7),IF($K95="Deadline","◇","◆"),"")
A96: T-208 | B96: SI-SO | C96: Phase 1 | D96: WS-2 | E96: Discovery | F96: BR | G96: Redesign | H96: 7 | I96: =MAX($C$2,J94+1) -> 46368 | J96: =IF(AND(ISNUMBER(I96),ISNUMBER(H96)),I96+H96-1,"") -> 46374 | K96: Task | L96: T-206 | O96: =IF(AND(ISNUMBER(I96),ISNUMBER(J96)),J96-I96+1,"") -> 7 | W96: x | AO96: =IF(AND(ISNUMBER($I96),OR($K96="Milestone",$K96="Deadline"),$I96>=AO$4,$I96<AO$4+7),IF($K96="Deadline","◇","◆"),"") | AP96: =IF(AND(ISNUMBER($I96),OR($K96="Milestone",$K96="Deadline"),$I96>=AP$4,$I96<AP$4+7),IF($K96="Deadline","◇","◆"),"") | AQ96: =IF(AND(ISNUMBER($I96),OR($K96="Milestone",$K96="Deadline"),$I96>=AQ$4,$I96<AQ$4+7),IF($K96="Deadline","◇","◆"),"") | AR96: =IF(AND(ISNUMBER($I96),OR($K96="Milestone",$K96="Deadline"),$I96>=AR$4,$I96<AR$4+7),IF($K96="Deadline","◇","◆"),"") | AS96: =IF(AND(ISNUMBER($I96),OR($K96="Milestone",$K96="Deadline"),$I96>=AS$4,$I96<AS$4+7),IF($K96="Deadline","◇","◆"),"") | AT96: =IF(AND(ISNUMBER($I96),OR($K96="Milestone",$K96="Deadline"),$I96>=AT$4,$I96<AT$4+7),IF($K96="Deadline","◇","◆"),"") | AU96: =IF(AND(ISNUMBER($I96),OR($K96="Milestone",$K96="Deadline"),$I96>=AU$4,$I96<AU$4+7),IF($K96="Deadline","◇","◆"),"") | AV96: =IF(AND(ISNUMBER($I96),OR($K96="Milestone",$K96="Deadline"),$I96>=AV$4,$I96<AV$4+7),IF($K96="Deadline","◇","◆"),"") | ... CM96: =IF(AND(ISNUMBER($I96),OR($K96="Milestone",$K96="Deadline"),$I96>=CM$4,$I96<CM$4+7),IF($K96="Deadline","◇","◆"),"")
A97: T-209 | B97: SI-SO | C97: Phase 1 | D97: WS-2 | E97: Discovery | F97: SOCO | G97: Analysis | H97: 7 | I97: =MAX(DATE(2026,11,16),J76+1,J76+1) -> 46360 | J97: =IF(AND(ISNUMBER(I97),ISNUMBER(H97)),I97+H97-1,"") -> 46366 | K97: Task | L97: T-125 | M97: T-125 | O97: =IF(AND(ISNUMBER(I97),ISNUMBER(J97)),J97-I97+1,"") -> 7 | T97: x | V97: x | AO97: =IF(AND(ISNUMBER($I97),OR($K97="Milestone",$K97="Deadline"),$I97>=AO$4,$I97<AO$4+7),IF($K97="Deadline","◇","◆"),"") | AP97: =IF(AND(ISNUMBER($I97),OR($K97="Milestone",$K97="Deadline"),$I97>=AP$4,$I97<AP$4+7),IF($K97="Deadline","◇","◆"),"") | AQ97: =IF(AND(ISNUMBER($I97),OR($K97="Milestone",$K97="Deadline"),$I97>=AQ$4,$I97<AQ$4+7),IF($K97="Deadline","◇","◆"),"") | AR97: =IF(AND(ISNUMBER($I97),OR($K97="Milestone",$K97="Deadline"),$I97>=AR$4,$I97<AR$4+7),IF($K97="Deadline","◇","◆"),"") | AS97: =IF(AND(ISNUMBER($I97),OR($K97="Milestone",$K97="Deadline"),$I97>=AS$4,$I97<AS$4+7),IF($K97="Deadline","◇","◆"),"") | AT97: =IF(AND(ISNUMBER($I97),OR($K97="Milestone",$K97="Deadline"),$I97>=AT$4,$I97<AT$4+7),IF($K97="Deadline","◇","◆"),"") | AU97: =IF(AND(ISNUMBER($I97),OR($K97="Milestone",$K97="Deadline"),$I97>=AU$4,$I97<AU$4+7),IF($K97="Deadline","◇","◆"),"") | AV97: =IF(AND(ISNUMBER($I97),OR($K97="Milestone",$K97="Deadline"),$I97>=AV$4,$I97<AV$4+7),IF($K97="Deadline","◇","◆"),"") | ... CM97: =IF(AND(ISNUMBER($I97),OR($K97="Milestone",$K97="Deadline"),$I97>=CM$4,$I97<CM$4+7),IF($K97="Deadline","◇","◆"),"")
A98: T-210 | B98: SI-SO | C98: Phase 1 | D98: WS-2 | E98: Discovery | F98: SOCO | G98: Mockup | H98: 7 | I98: 46364 | J98: =IF(AND(ISNUMBER(I98),ISNUMBER(H98)),I98+H98-1,"") -> 46370 | K98: Task | O98: =IF(AND(ISNUMBER(I98),ISNUMBER(J98)),J98-I98+1,"") -> 7 | AL98: x | AO98: =IF(AND(ISNUMBER($I98),OR($K98="Milestone",$K98="Deadline"),$I98>=AO$4,$I98<AO$4+7),IF($K98="Deadline","◇","◆"),"") | AP98: =IF(AND(ISNUMBER($I98),OR($K98="Milestone",$K98="Deadline"),$I98>=AP$4,$I98<AP$4+7),IF($K98="Deadline","◇","◆"),"") | AQ98: =IF(AND(ISNUMBER($I98),OR($K98="Milestone",$K98="Deadline"),$I98>=AQ$4,$I98<AQ$4+7),IF($K98="Deadline","◇","◆"),"") | AR98: =IF(AND(ISNUMBER($I98),OR($K98="Milestone",$K98="Deadline"),$I98>=AR$4,$I98<AR$4+7),IF($K98="Deadline","◇","◆"),"") | AS98: =IF(AND(ISNUMBER($I98),OR($K98="Milestone",$K98="Deadline"),$I98>=AS$4,$I98<AS$4+7),IF($K98="Deadline","◇","◆"),"") | AT98: =IF(AND(ISNUMBER($I98),OR($K98="Milestone",$K98="Deadline"),$I98>=AT$4,$I98<AT$4+7),IF($K98="Deadline","◇","◆"),"") | AU98: =IF(AND(ISNUMBER($I98),OR($K98="Milestone",$K98="Deadline"),$I98>=AU$4,$I98<AU$4+7),IF($K98="Deadline","◇","◆"),"") | AV98: =IF(AND(ISNUMBER($I98),OR($K98="Milestone",$K98="Deadline"),$I98>=AV$4,$I98<AV$4+7),IF($K98="Deadline","◇","◆"),"") | ... CM98: =IF(AND(ISNUMBER($I98),OR($K98="Milestone",$K98="Deadline"),$I98>=CM$4,$I98<CM$4+7),IF($K98="Deadline","◇","◆"),"")
A99: T-211 | B99: SI-SO | C99: Phase 1 | D99: WS-2 | E99: Discovery | F99: SOCO | G99: Redesign | H99: 7 | I99: =MAX($C$2,J97+1,J69+1) -> 46392 | J99: =IF(AND(ISNUMBER(I99),ISNUMBER(H99)),I99+H99-1,"") -> 46398 | K99: Task | L99: T-209 | M99: T-119 | O99: =IF(AND(ISNUMBER(I99),ISNUMBER(J99)),J99-I99+1,"") -> 7 | W99: x | AI99: x | AO99: =IF(AND(ISNUMBER($I99),OR($K99="Milestone",$K99="Deadline"),$I99>=AO$4,$I99<AO$4+7),IF($K99="Deadline","◇","◆"),"") | AP99: =IF(AND(ISNUMBER($I99),OR($K99="Milestone",$K99="Deadline"),$I99>=AP$4,$I99<AP$4+7),IF($K99="Deadline","◇","◆"),"") | AQ99: =IF(AND(ISNUMBER($I99),OR($K99="Milestone",$K99="Deadline"),$I99>=AQ$4,$I99<AQ$4+7),IF($K99="Deadline","◇","◆"),"") | AR99: =IF(AND(ISNUMBER($I99),OR($K99="Milestone",$K99="Deadline"),$I99>=AR$4,$I99<AR$4+7),IF($K99="Deadline","◇","◆"),"") | AS99: =IF(AND(ISNUMBER($I99),OR($K99="Milestone",$K99="Deadline"),$I99>=AS$4,$I99<AS$4+7),IF($K99="Deadline","◇","◆"),"") | AT99: =IF(AND(ISNUMBER($I99),OR($K99="Milestone",$K99="Deadline"),$I99>=AT$4,$I99<AT$4+7),IF($K99="Deadline","◇","◆"),"") | AU99: =IF(AND(ISNUMBER($I99),OR($K99="Milestone",$K99="Deadline"),$I99>=AU$4,$I99<AU$4+7),IF($K99="Deadline","◇","◆"),"") | AV99: =IF(AND(ISNUMBER($I99),OR($K99="Milestone",$K99="Deadline"),$I99>=AV$4,$I99<AV$4+7),IF($K99="Deadline","◇","◆"),"") | ... CM99: =IF(AND(ISNUMBER($I99),OR($K99="Milestone",$K99="Deadline"),$I99>=CM$4,$I99<CM$4+7),IF($K99="Deadline","◇","◆"),"")
A100: T-228 | B100: SI-SO | C100: Phase 1 | D100: WS-2 | E100: Discovery | F100: SOCO & BR | G100: Manual files load | H100: 7 | I100: =MAX($C$2,J99+1,J96+1,J61+1,J85+1,J92+1) -> 46426 | J100: =IF(AND(ISNUMBER(I100),ISNUMBER(H100)),I100+H100-1,"") -> 46432 | K100: Task | L100: T-211, T-208, T-202, T-204 | M100: T-205 | O100: =IF(AND(ISNUMBER(I100),ISNUMBER(J100)),J100-I100+1,"") -> 7 | AC100: x | AO100: =IF(AND(ISNUMBER($I100),OR($K100="Milestone",$K100="Deadline"),$I100>=AO$4,$I100<AO$4+7),IF($K100="Deadline","◇","◆"),"") | AP100: =IF(AND(ISNUMBER($I100),OR($K100="Milestone",$K100="Deadline"),$I100>=AP$4,$I100<AP$4+7),IF($K100="Deadline","◇","◆"),"") | AQ100: =IF(AND(ISNUMBER($I100),OR($K100="Milestone",$K100="Deadline"),$I100>=AQ$4,$I100<AQ$4+7),IF($K100="Deadline","◇","◆"),"") | AR100: =IF(AND(ISNUMBER($I100),OR($K100="Milestone",$K100="Deadline"),$I100>=AR$4,$I100<AR$4+7),IF($K100="Deadline","◇","◆"),"") | AS100: =IF(AND(ISNUMBER($I100),OR($K100="Milestone",$K100="Deadline"),$I100>=AS$4,$I100<AS$4+7),IF($K100="Deadline","◇","◆"),"") | AT100: =IF(AND(ISNUMBER($I100),OR($K100="Milestone",$K100="Deadline"),$I100>=AT$4,$I100<AT$4+7),IF($K100="Deadline","◇","◆"),"") | AU100: =IF(AND(ISNUMBER($I100),OR($K100="Milestone",$K100="Deadline"),$I100>=AU$4,$I100<AU$4+7),IF($K100="Deadline","◇","◆"),"") | AV100: =IF(AND(ISNUMBER($I100),OR($K100="Milestone",$K100="Deadline"),$I100>=AV$4,$I100<AV$4+7),IF($K100="Deadline","◇","◆"),"") | ... CM100: =IF(AND(ISNUMBER($I100),OR($K100="Milestone",$K100="Deadline"),$I100>=CM$4,$I100<CM$4+7),IF($K100="Deadline","◇","◆"),"")
...

Sheet Engagement
A1: Parallel tasks per resource per week
A2: Highest number of tasks the resource has on any single day of the week (tasks marked x).
C3: =Timeline!AO3 -> paź yy | D3: =Timeline!AP3 | E3: =Timeline!AQ3 | F3: =Timeline!AR3 -> lis yy | G3: =Timeline!AS3 | H3: =Timeline!AT3 | I3: =Timeline!AU3 | J3: =Timeline!AV3 | ... BA3: =Timeline!CM3
A4: Resource | B4: Role | C4: =Timeline!AO4 -> 46307 | D4: =Timeline!AP4 -> 46314 | E4: =Timeline!AQ4 -> 46321 | F4: =Timeline!AR4 -> 46328 | G4: =Timeline!AS4 -> 46335 | H4: =Timeline!AT4 -> 46342 | I4: =Timeline!AU4 -> 46349 | J4: =Timeline!AV4 -> 46356 | ... BA4: =Timeline!CM4 -> 46657
A5: BA0 | B5: Functional lead | C5: =MAX(SUMPRODUCT((INDEX(Timeline!$P$5:$AN$305,0,MATCH($A5,Timeline!$P$4:$AN$4,0))="x")*(Timeline!$K$5:$K$305="Task")*ISNUMBER(Timeline!$I$5:$I$305)*ISNUMBER(Timeline!$J$5:$J$305)*(Timeline!$I$5:$I$305<=C$4+0)*(Timeline!$J$5:$J$305>=C$4+0)),SUMPRODUCT((INDEX(Timeline!$P$5:$AN$305,0,MATCH($A5,Timeline!$P$4:$AN$4,0))="x")*(Timeline!$K$5:$K$305="Task")*ISNUMBER(Timeline!$I$5:$I$305)*ISNUMBER(Timeline!$J$5:$J$305)*(Timeline!$I$5:$I$305<=C$4+1)*(Timeline!$J$5:$J$305>=C$4+1)),SUMPRODUCT((INDEX(Timeline!$P$5:$AN$305,0,MATCH($A5,Timeline!$P$4:$AN$4,0))="x")*(Timeline!$K$5:$K$305="Task")*ISNUMBER(Timeline!$I$5:$I$305)*ISNUMBER(Timeline!$J$5:$J$305)*(Timeline!$I$5:$I$305<=C$4+2)*(Timeline!$J$5:$J$305>=C$4+2)),SUMPRODUCT((INDEX(Timeline!$P$5:$AN$305,0,MATCH($A5,Timeline!$P$4:$AN$4,0))="x")*(Timeline!$K$5:$K$305="Task")*ISNUMBER(Timeline!$I$5:$I$305)*ISNUMBER(Timeline!$J$5:$J$305)*(Timeline!$I$5:$I$305<=C$4+3)*(Timeline!$J$5:$J$305>=C$4+3)),SUMPRODUCT((INDEX(Timeline!$P$5:$AN$305,0,MATCH($A5,Timeline!$P$4:$AN$4,0))="x")*(Timeline!$K$5:$K$305="Task")*ISNUMBER(Timeline!$I$5:$I$305)*ISNUMBER(Timeline!$J$5:$J$305)*(Timeline!$I$5:$I$305<=C$4+4)*(Timeline!$J$5:$J$305>=C$4+4)),SUMPRODUCT((INDEX(Timeline!$P$5:$AN$305,0,MATCH($A5,Timeline!$P$4:$AN$4,0))="x")*(Timeline!$K$5:$K$305="Task")*ISNUMBER(Timeline!$I$5:$I$305)*ISNUMBER(Timeline!$J$5:$J$305)*(Timeline!$I$5:$I$305<=C$4+5)*(Timeline!$J$5:$J$305>=C$4+5)),SUMPRODUCT((INDEX(Timeline!$P$5:$AN$305,0,MATCH($A5,Timeline!$P$4:$AN$4,0))="x")*(Timeline!$K$5:$K$305="Task")*ISNUMBER(Timeline!$I$5:$I$305)*ISNUMBER(Timeline!$J$5:$J$305)*(Timeline!$I$5:$I$305<=C$4+6)*(Timeline!$J$5:$J$305>=C$4+6))) -> 0 | D5: =MAX(SUMPRODUCT((INDEX(Timeline!$P$5:$AN$305,0,MATCH($A5,Timeline!$P$4:$AN$4,0))="x")*(Timeline!$K$5:$K$305="Task")*ISNUMBER(Timeline!$I$5:$I$305)*ISNUMBER(Timeline!$J$5:$J$305)*(Timeline!$I$5:$I$305<=D$4+0)*(Timeline!$J$5:$J$305>=D$4+0)),SUMPRODUCT((INDEX(Timeline!$P$5:$AN$305,0,MATCH($A5,Timeline!$P$4:$AN$4,0))="x")*(Timeline!$K$5:$K$305="Task")*ISNUMBER(Timeline!$I$5:$I$305)*ISNUMBER(Timeline!$J$5:$J$305)*(Timeline!$I$5:$I$305<=D$4+1)*(Timeline!$J$5:$J$305>=D$4+1)),SUMPRODUCT((INDEX(Timeline!$P$5:$AN$305,0,MATCH($A5,Timeline!$P$4:$AN$4,0))="x")*(Timeline!$K$5:$K$305="Task")*ISNUMBER(Timeline!$I$5:$I$305)*ISNUMBER(Timeline!$J$5:$J$305)*(Timeline!$I$5:$I$305<=D$4+2)*(Timeline!$J$5:$J$305>=D$4+2)),SUMPRODUCT((INDEX(Timeline!$P$5:$AN$305,0,MATCH($A5,Timeline!$P$4:$AN$4,0))="x")*(Timeline!$K$5:$K$305="Task")*ISNUMBER(Timeline!$I$5:$I$305)*ISNUMBER(Timeline!$J$5:$J$305)*(Timeline!$I$5:$I$305<=D$4+3)*(Timeline!$J$5:$J$305>=D$4+3)),SUMPRODUCT((INDEX(Timeline!$P$5:$AN$305,0,MATCH($A5,Timeline!$P$4:$AN$4,0))="x")*(Timeline!$K$5:$K$305="Task")*ISNUMBER(Timeline!$I$5:$I$305)*ISNUMBER(Timeline!$J$5:$J$305)*(Timeline!$I$5:$I$305<=D$4+4)*(Timeline!$J$5:$J$305>=D$4+4)),SUMPRODUCT((INDEX(Timeline!$P$5:$AN$305,0,MATCH($A5,Timeline!$P$4:$AN$4,0))="x")*(Timeline!$K$5:$K$305="Task")*ISNUMBER(Timeline!$I$5:$I$305)*ISNUMBER(Timeline!$J$5:$J$305)*(Timeline!$I$5:$I$305<=D$4+5)*(Timeline!$J$5:$J$305>=D$4+5)),SUMPRODUCT((INDEX(Timeline!$P$5:$AN$305,0,MATCH($A5,Timeline!$P$4:$AN$4,0))="x")*(Timeline!$K$5:$K$305="Task")*ISNUMBER(Timeline!$I$5:$I$305)*ISNUMBER(Timeline!$J$5:$J$305)*(Timeline!$I$5:$I$305<=D$4+6)*(Timeline!$J$5:$J$305>=D$4+6))) -> 0 | E5: =MAX(SUMPRODUCT((INDEX(Timeline!$P$5:$AN$305,0,MATCH($A5,Timeline!$P$4:$AN$4,0))="x")*(Timeline!$K$5:$K$305="Task")*ISNUMBER(Timeline!$I$5:$I$305)*ISNUMBER(Timeline!$J$5:$J$305)*(Timeline!$I$5:$I$305<=E$4+0)*(Timeline!$J$5:$J$305>=E$4+0)),SUMPRODUCT((INDEX(Timeline!$P$5:$AN$305,0,MATCH($A5,Timeline!$P$4:$AN$4,0))="x")*(Timeline!$K$5:$K$305="Task")*ISNUMBER(Timeline!$I$5:$I$305)*ISNUMBER(Timeline!$J$5:$J$305)*(Timeline!$I$5:$I$305<=E$4+1)*(Timeline!$J$5:$J$305>=E$4+1)),SUMPRODUCT((INDEX(Timeline!$P$5:$AN$305,0,MATCH($A5,Timeline!$P$4:$AN$4,0))="x")*(Timeline!$K$5:$K$305="Task")*ISNUMBER(Timeline!$I$5:$I$305)*ISNUMBER(Timeline!$J$5:$J$305)*(Timeline!$I$5:$I$305<=E$4+2)*(Timeline!$J$5:$J$305>=E$4+2)),SUMPRODUCT((INDEX(Timeline!$P$5:$AN$305,0,MATCH($A5,Timeline!$P$4:$AN$4,0))="x")*(Timeline!$K$5:$K$305="Task")*ISNUMBER(Timeline!$I$5:$I$305)*ISNUMBER(Timeline!$J$5:$J$305)*(Timeline!$I$5:$I$305<=E$4+3)*(Timeline!$J$5:$J$305>=E$4+3)),SUMPRODUCT((INDEX(Timeline!$P$5:$AN$305,0,MATCH($A5,Timeline!$P$4:$AN$4,0))="x")*(Timeline!$K$5:$K$305="Task")*ISNUMBER(Timeline!$I$5:$I$305)*ISNUMBER(Timeline!$J$5:$J$305)*(Timeline!$I$5:$I$305<=E$4+4)*(Timeline!$J$5:$J$305>=E$4+4)),SUMPRODUCT((INDEX(Timeline!$P$5:$AN$305,0,MATCH($A5,Timeline!$P$4:$AN$4,0))="x")*(Timeline!$K$5:$K$305="Task")*ISNUMBER(Timeline!$I$5:$I$305)*ISNUMBER(Timeline!$J$5:$J$305)*(Timeline!$I$5:$I$305<=E$4+5)*(Timeline!$J$5:$J$305>=E$4+5)),SUMPRODUCT((INDEX(Timeline!$P$5:$AN$305,0,MATCH($A5,Timeline!$P$4:$AN$4,0))="x")*(Timeline!$K$5:$K$305="Task")*ISNUMBER(Timeline!$I$5:$I$305)*ISNUMBER(Timeline!$J$5:$J$305)*(Timeline!$I$5:$I$305<=E$4+6)*(Timeline!$J$5:$J$305>=E$4+6))) -> 0 | F5: =MAX(SUMPRODUCT((INDEX(Timeline!$P$5:$AN$305,0,MATCH($A5,Timeline!$P$4:$AN$4,0))="x")*(Timeline!$K$5:$K$305="Task")*ISNUMBER(Timeline!$I$5:$I$305)*ISNUMBER(Timeline!$J$5:$J$305)*(Timeline!$I$5:$I$305<=F$4+0)*(Timeline!$J$5:$J$305>=F$4+0)),SUMPRODUCT((INDEX(Timeline!$P$5:$AN$305,0,MATCH($A5,Timeline!$P$4:$AN$4,0))="x")*(Timeline!$K$5:$K$305="Task")*ISNUMBER(Timeline!$I$5:$I$305)*ISNUMBER(Timeline!$J$5:$J$305)*(Timeline!$I$5:$I$305<=F$4+1)*(Timeline!$J$5:$J$305>=F$4+1)),SUMPRODUCT((INDEX(Timeline!$P$5:$AN$305,0,MATCH($A5,Timeline!$P$4:$AN$4,0))="x")*(Timeline!$K$5:$K$305="Task")*ISNUMBER(Timeline!$I$5:$I$305)*ISNUMBER(Timeline!$J$5:$J$305)*(Timeline!$I$5:$I$305<=F$4+2)*(Timeline!$J$5:$J$305>=F$4+2)),SUMPRODUCT((INDEX(Timeline!$P$5:$AN$305,0,MATCH($A5,Timeline!$P$4:$AN$4,0))="x")*(Timeline!$K$5:$K$305="Task")*ISNUMBER(Timeline!$I$5:$I$305)*ISNUMBER(Timeline!$J$5:$J$305)*(Timeline!$I$5:$I$305<=F$4+3)*(Timeline!$J$5:$J$305>=F$4+3)),SUMPRODUCT((INDEX(Timeline!$P$5:$AN$305,0,MATCH($A5,Timeline!$P$4:$AN$4,0))="x")*(Timeline!$K$5:$K$305="Task")*ISNUMBER(Timeline!$I$5:$I$305)*ISNUMBER(Timeline!$J$5:$J$305)*(Timeline!$I$5:$I$305<=F$4+4)*(Timeline!$J$5:$J$305>=F$4+4)),SUMPRODUCT((INDEX(Timeline!$P$5:$AN$305,0,MATCH($A5,Timeline!$P$4:$AN$4,0))="x")*(Timeline!$K$5:$K$305="Task")*ISNUMBER(Timeline!$I$5:$I$305)*ISNUMBER(Timeline!$J$5:$J$305)*(Timeline!$I$5:$I$305<=F$4+5)*(Timeline!$J$5:$J$305>=F$4+5)),SUMPRODUCT((INDEX(Timeline!$P$5:$AN$305,0,MATCH($A5,Timeline!$P$4:$AN$4,0))="x")*(Timeline!$K$5:$K$305="Task")*ISNUMBER(Timeline!$I$5:$I$305)*ISNUMBER(Timeline!$J$5:$J$305)*(Timeline!$I$5:$I$305<=F$4+6)*(Timeline!$J$5:$J$305>=F$4+6))) -> 0 | G5: =MAX(SUMPRODUCT((INDEX(Timeline!$P$5:$AN$305,0,MATCH($A5,Timeline!$P$4:$AN$4,0))="x")*(Timeline!$K$5:$K$305="Task")*ISNUMBER(Timeline!$I$5:$I$305)*ISNUMBER(Timeline!$J$5:$J$305)*(Timeline!$I$5:$I$305<=G$4+0)*(Timeline!$J$5:$J$305>=G$4+0)),SUMPRODUCT((INDEX(Timeline!$P$5:$AN$305,0,MATCH($A5,Timeline!$P$4:$AN$4,0))="x")*(Timeline!$K$5:$K$305="Task")*ISNUMBER(Timeline!$I$5:$I$305)*ISNUMBER(Timeline!$J$5:$J$305)*(Timeline!$I$5:$I$305<=G$4+1)*(Timeline!$J$5:$J$305>=G$4+1)),SUMPRODUCT((INDEX(Timeline!$P$5:$AN$305,0,MATCH($A5,Timeline!$P$4:$AN$4,0))="x")*(Timeline!$K$5:$K$305="Task")*ISNUMBER(Timeline!$I$5:$I$305)*ISNUMBER(Timeline!$J$5:$J$305)*(Timeline!$I$5:$I$305<=G$4+2)*(Timeline!$J$5:$J$305>=G$4+2)),SUMPRODUCT((INDEX(Timeline!$P$5:$AN$305,0,MATCH($A5,Timeline!$P$4:$AN$4,0))="x")*(Timeline!$K$5:$K$305="Task")*ISNUMBER(Timeline!$I$5:$I$305)*ISNUMBER(Timeline!$J$5:$J$305)*(Timeline!$I$5:$I$305<=G$4+3)*(Timeline!$J$5:$J$305>=G$4+3)),SUMPRODUCT((INDEX(Timeline!$P$5:$AN$305,0,MATCH($A5,Timeline!$P$4:$AN$4,0))="x")*(Timeline!$K$5:$K$305="Task")*ISNUMBER(Timeline!$I$5:$I$305)*ISNUMBER(Timeline!$J$5:$J$305)*(Timeline!$I$5:$I$305<=G$4+4)*(Timeline!$J$5:$J$305>=G$4+4)),SUMPRODUCT((INDEX(Timeline!$P$5:$AN$305,0,MATCH($A5,Timeline!$P$4:$AN$4,0))="x")*(Timeline!$K$5:$K$305="Task")*ISNUMBER(Timeline!$I$5:$I$305)*ISNUMBER(Timeline!$J$5:$J$305)*(Timeline!$I$5:$I$305<=G$4+5)*(Timeline!$J$5:$J$305>=G$4+5)),SUMPRODUCT((INDEX(Timeline!$P$5:$AN$305,0,MATCH($A5,Timeline!$P$4:$AN$4,0))="x")*(Timeline!$K$5:$K$305="Task")*ISNUMBER(Timeline!$I$5:$I$305)*ISNUMBER(Timeline!$J$5:$J$305)*(Timeline!$I$5:$I$305<=G$4+6)*(Timeline!$J$5:$J$305>=G$4+6))) -> 1 | H5: =MAX(SUMPRODUCT((INDEX(Timeline!$P$5:$AN$305,0,MATCH($A5,Timeline!$P$4:$AN$4,0))="x")*(Timeline!$K$5:$K$305="Task")*ISNUMBER(Timeline!$I$5:$I$305)*ISNUMBER(Timeline!$J$5:$J$305)*(Timeline!$I$5:$I$305<=H$4+0)*(Timeline!$J$5:$J$305>=H$4+0)),SUMPRODUCT((INDEX(Timeline!$P$5:$AN$305,0,MATCH($A5,Timeline!$P$4:$AN$4,0))="x")*(Timeline!$K$5:$K$305="Task")*ISNUMBER(Timeline!$I$5:$I$305)*ISNUMBER(Timeline!$J$5:$J$305)*(Timeline!$I$5:$I$305<=H$4+1)*(Timeline!$J$5:$J$305>=H$4+1)),SUMPRODUCT((INDEX(Timeline!$P$5:$AN$305,0,MATCH($A5,Timeline!$P$4:$AN$4,0))="x")*(Timeline!$K$5:$K$305="Task")*ISNUMBER(Timeline!$I$5:$I$305)*ISNUMBER(Timeline!$J$5:$J$305)*(Timeline!$I$5:$I$305<=H$4+2)*(Timeline!$J$5:$J$305>=H$4+2)),SUMPRODUCT((INDEX(Timeline!$P$5:$AN$305,0,MATCH($A5,Timeline!$P$4:$AN$4,0))="x")*(Timeline!$K$5:$K$305="Task")*ISNUMBER(Timeline!$I$5:$I$305)*ISNUMBER(Timeline!$J$5:$J$305)*(Timeline!$I$5:$I$305<=H$4+3)*(Timeline!$J$5:$J$305>=H$4+3)),SUMPRODUCT((INDEX(Timeline!$P$5:$AN$305,0,MATCH($A5,Timeline!$P$4:$AN$4,0))="x")*(Timeline!$K$5:$K$305="Task")*ISNUMBER(Timeline!$I$5:$I$305)*ISNUMBER(Timeline!$J$5:$J$305)*(Timeline!$I$5:$I$305<=H$4+4)*(Timeline!$J$5:$J$305>=H$4+4)),SUMPRODUCT((INDEX(Timeline!$P$5:$AN$305,0,MATCH($A5,Timeline!$P$4:$AN$4,0))="x")*(Timeline!$K$5:$K$305="Task")*ISNUMBER(Timeline!$I$5:$I$305)*ISNUMBER(Timeline!$J$5:$J$305)*(Timeline!$I$5:$I$305<=H$4+5)*(Timeline!$J$5:$J$305>=H$4+5)),SUMPRODUCT((INDEX(Timeline!$P$5:$AN$305,0,MATCH($A5,Timeline!$P$4:$AN$4,0))="x")*(Timeline!$K$5:$K$305="Task")*ISNUMBER(Timeline!$I$5:$I$305)*ISNUMBER(Timeline!$J$5:$J$305)*(Timeline!$I$5:$I$305<=H$4+6)*(Timeline!$J$5:$J$305>=H$4+6))) -> 1 | I5: =MAX(SUMPRODUCT((INDEX(Timeline!$P$5:$AN$305,0,MATCH($A5,Timeline!$P$4:$AN$4,0))="x")*(Timeline!$K$5:$K$305="Task")*ISNUMBER(Timeline!$I$5:$I$305)*ISNUMBER(Timeline!$J$5:$J$305)*(Timeline!$I$5:$I$305<=I$4+0)*(Timeline!$J$5:$J$305>=I$4+0)),SUMPRODUCT((INDEX(Timeline!$P$5:$AN$305,0,MATCH($A5,Timeline!$P$4:$AN$4,0))="x")*(Timeline!$K$5:$K$305="Task")*ISNUMBER(Timeline!$I$5:$I$305)*ISNUMBER(Timeline!$J$5:$J$305)*(Timeline!$I$5:$I$305<=I$4+1)*(Timeline!$J$5:$J$305>=I$4+1)),SUMPRODUCT((INDEX(Timeline!$P$5:$AN$305,0,MATCH($A5,Timeline!$P$4:$AN$4,0))="x")*(Timeline!$K$5:$K$305="Task")*ISNUMBER(Timeline!$I$5:$I$305)*ISNUMBER(Timeline!$J$5:$J$305)*(Timeline!$I$5:$I$305<=I$4+2)*(Timeline!$J$5:$J$305>=I$4+2)),SUMPRODUCT((INDEX(Timeline!$P$5:$AN$305,0,MATCH($A5,Timeline!$P$4:$AN$4,0))="x")*(Timeline!$K$5:$K$305="Task")*ISNUMBER(Timeline!$I$5:$I$305)*ISNUMBER(Timeline!$J$5:$J$305)*(Timeline!$I$5:$I$305<=I$4+3)*(Timeline!$J$5:$J$305>=I$4+3)),SUMPRODUCT((INDEX(Timeline!$P$5:$AN$305,0,MATCH($A5,Timeline!$P$4:$AN$4,0))="x")*(Timeline!$K$5:$K$305="Task")*ISNUMBER(Timeline!$I$5:$I$305)*ISNUMBER(Timeline!$J$5:$J$305)*(Timeline!$I$5:$I$305<=I$4+4)*(Timeline!$J$5:$J$305>=I$4+4)),SUMPRODUCT((INDEX(Timeline!$P$5:$AN$305,0,MATCH($A5,Timeline!$P$4:$AN$4,0))="x")*(Timeline!$K$5:$K$305="Task")*ISNUMBER(Timeline!$I$5:$I$305)*ISNUMBER(Timeline!$J$5:$J$305)*(Timeline!$I$5:$I$305<=I$4+5)*(Timeline!$J$5:$J$305>=I$4+5)),SUMPRODUCT((INDEX(Timeline!$P$5:$AN$305,0,MATCH($A5,Timeline!$P$4:$AN$4,0))="x")*(Timeline!$K$5:$K$305="Task")*ISNUMBER(Timeline!$I$5:$I$305)*ISNUMBER(Timeline!$J$5:$J$305)*(Timeline!$I$5:$I$305<=I$4+6)*(Timeline!$J$5:$J$305>=I$4+6))) -> 1 | J5: =MAX(SUMPRODUCT((INDEX(Timeline!$P$5:$AN$305,0,MATCH($A5,Timeline!$P$4:$AN$4,0))="x")*(Timeline!$K$5:$K$305="Task")*ISNUMBER(Timeline!$I$5:$I$305)*ISNUMBER(Timeline!$J$5:$J$305)*(Timeline!$I$5:$I$305<=J$4+0)*(Timeline!$J$5:$J$305>=J$4+0)),SUMPRODUCT((INDEX(Timeline!$P$5:$AN$305,0,MATCH($A5,Timeline!$P$4:$AN$4,0))="x")*(Timeline!$K$5:$K$305="Task")*ISNUMBER(Timeline!$I$5:$I$305)*ISNUMBER(Timeline!$J$5:$J$305)*(Timeline!$I$5:$I$305<=J$4+1)*(Timeline!$J$5:$J$305>=J$4+1)),SUMPRODUCT((INDEX(Timeline!$P$5:$AN$305,0,MATCH($A5,Timeline!$P$4:$AN$4,0))="x")*(Timeline!$K$5:$K$305="Task")*ISNUMBER(Timeline!$I$5:$I$305)*ISNUMBER(Timeline!$J$5:$J$305)*(Timeline!$I$5:$I$305<=J$4+2)*(Timeline!$J$5:$J$305>=J$4+2)),SUMPRODUCT((INDEX(Timeline!$P$5:$AN$305,0,MATCH($A5,Timeline!$P$4:$AN$4,0))="x")*(Timeline!$K$5:$K$305="Task")*ISNUMBER(Timeline!$I$5:$I$305)*ISNUMBER(Timeline!$J$5:$J$305)*(Timeline!$I$5:$I$305<=J$4+3)*(Timeline!$J$5:$J$305>=J$4+3)),SUMPRODUCT((INDEX(Timeline!$P$5:$AN$305,0,MATCH($A5,Timeline!$P$4:$AN$4,0))="x")*(Timeline!$K$5:$K$305="Task")*ISNUMBER(Timeline!$I$5:$I$305)*ISNUMBER(Timeline!$J$5:$J$305)*(Timeline!$I$5:$I$305<=J$4+4)*(Timeline!$J$5:$J$305>=J$4+4)),SUMPRODUCT((INDEX(Timeline!$P$5:$AN$305,0,MATCH($A5,Timeline!$P$4:$AN$4,0))="x")*(Timeline!$K$5:$K$305="Task")*ISNUMBER(Timeline!$I$5:$I$305)*ISNUMBER(Timeline!$J$5:$J$305)*(Timeline!$I$5:$I$305<=J$4+5)*(Timeline!$J$5:$J$305>=J$4+5)),SUMPRODUCT((INDEX(Timeline!$P$5:$AN$305,0,MATCH($A5,Timeline!$P$4:$AN$4,0))="x")*(Timeline!$K$5:$K$305="Task")*ISNUMBER(Timeline!$I$5:$I$305)*ISNUMBER(Timeline!$J$5:$J$305)*(Timeline!$I$5:$I$305<=J$4+6)*(Timeline!$J$5:$J$305>=J$4+6))) -> 1 | ... BA5: =MAX(SUMPRODUCT((INDEX(Timeline!$P$5:$AN$305,0,MATCH($A5,Timeline!$P$4:$AN$4,0))="x")*(Timeline!$K$5:$K$305="Task")*ISNUMBER(Timeline!$I$5:$I$305)*ISNUMBER(Timeline!$J$5:$J$305)*(Timeline!$I$5:$I$305<=BA$4+0)*(Timeline!$J$5:$J$305>=BA$4+0)),SUMPRODUCT((INDEX(Timeline!$P$5:$AN$305,0,MATCH($A5,Timeline!$P$4:$AN$4,0))="x")*(Timeline!$K$5:$K$305="Task")*ISNUMBER(Timeline!$I$5:$I$305)*ISNUMBER(Timeline!$J$5:$J$305)*(Timeline!$I$5:$I$305<=BA$4+1)*(Timeline!$J$5:$J$305>=BA$4+1)),SUMPRODUCT((INDEX(Timeline!$P$5:$AN$305,0,MATCH($A5,Timeline!$P$4:$AN$4,0))="x")*(Timeline!$K$5:$K$305="Task")*ISNUMBER(Timeline!$I$5:$I$305)*ISNUMBER(Timeline!$J$5:$J$305)*(Timeline!$I$5:$I$305<=BA$4+2)*(Timeline!$J$5:$J$305>=BA$4+2)),SUMPRODUCT((INDEX(Timeline!$P$5:$AN$305,0,MATCH($A5,Timeline!$P$4:$AN$4,0))="x")*(Timeline!$K$5:$K$305="Task")*ISNUMBER(Timeline!$I$5:$I$305)*ISNUMBER(Timeline!$J$5:$J$305)*(Timeline!$I$5:$I$305<=BA$4+3)*(Timeline!$J$5:$J$305>=BA$4+3)),SUMPRODUCT((INDEX(Timeline!$P$5:$AN$305,0,MATCH($A5,Timeline!$P$4:$AN$4,0))="x")*(Timeline!$K$5:$K$305="Task")*ISNUMBER(Timeline!$I$5:$I$305)*ISNUMBER(Timeline!$J$5:$J$305)*(Timeline!$I$5:$I$305<=BA$4+4)*(Timeline!$J$5:$J$305>=BA$4+4)),SUMPRODUCT((INDEX(Timeline!$P$5:$AN$305,0,MATCH($A5,Timeline!$P$4:$AN$4,0))="x")*(Timeline!$K$5:$K$305="Task")*ISNUMBER(Timeline!$I$5:$I$305)*ISNUMBER(Timeline!$J$5:$J$305)*(Timeline!$I$5:$I$305<=BA$4+5)*(Timeline!$J$5:$J$305>=BA$4+5)),SUMPRODUCT((INDEX(Timeline!$P$5:$AN$305,0,MATCH($A5,Timeline!$P$4:$AN$4,0))="x")*(Timeline!$K$5:$K$305="Task")*ISNUMBER(Timeline!$I$5:$I$305)*ISNUMBER(Timeline!$J$5:$J$305)*(Timeline!$I$5:$I$305<=BA$4+6)*(Timeline!$J$5:$J$305>=BA$4+6))) -> 0
A6: BA1 | B6: Business analyst · Sell-Out, BR VR, BR EASTER | C6: =MAX(SUMPRODUCT((INDEX(Timeline!$P$5:$AN$305,0,MATCH($A6,Timeline!$P$4:$AN$4,0))="x")*(Timeline!$K$5:$K$305="Task")*ISNUMBER(Timeline!$I$5:$I$305)*ISNUMBER(Timeline!$J$5:$J$305)*(Timeline!$I$5:$I$305<=C$4+0)*(Timeline!$J$5:$J$305>=C$4+0)),SUMPRODUCT((INDEX(Timeline!$P$5:$AN$305,0,MATCH($A6,Timeline!$P$4:$AN$4,0))="x")*(Timeline!$K$5:$K$305="Task")*ISNUMBER(Timeline!$I$5:$I$305)*ISNUMBER(Timeline!$J$5:$J$305)*(Timeline!$I$5:$I$305<=C$4+1)*(Timeline!$J$5:$J$305>=C$4+1)),SUMPRODUCT((INDEX(Timeline!$P$5:$AN$305,0,MATCH($A6,Timeline!$P$4:$AN$4,0))="x")*(Timeline!$K$5:$K$305="Task")*ISNUMBER(Timeline!$I$5:$I$305)*ISNUMBER(Timeline!$J$5:$J$305)*(Timeline!$I$5:$I$305<=C$4+2)*(Timeline!$J$5:$J$305>=C$4+2)),SUMPRODUCT((INDEX(Timeline!$P$5:$AN$305,0,MATCH($A6,Timeline!$P$4:$AN$4,0))="x")*(Timeline!$K$5:$K$305="Task")*ISNUMBER(Timeline!$I$5:$I$305)*ISNUMBER(Timeline!$J$5:$J$305)*(Timeline!$I$5:$I$305<=C$4+3)*(Timeline!$J$5:$J$305>=C$4+3)),SUMPRODUCT((INDEX(Timeline!$P$5:$AN$305,0,MATCH($A6,Timeline!$P$4:$AN$4,0))="x")*(Timeline!$K$5:$K$305="Task")*ISNUMBER(Timeline!$I$5:$I$305)*ISNUMBER(Timeline!$J$5:$J$305)*(Timeline!$I$5:$I$305<=C$4+4)*(Timeline!$J$5:$J$305>=C$4+4)),SUMPRODUCT((INDEX(Timeline!$P$5:$AN$305,0,MATCH($A6,Timeline!$P$4:$AN$4,0))="x")*(Timeline!$K$5:$K$305="Task")*ISNUMBER(Timeline!$I$5:$I$305)*ISNUMBER(Timeline!$J$5:$J$305)*(Timeline!$I$5:$I$305<=C$4+5)*(Timeline!$J$5:$J$305>=C$4+5)),SUMPRODUCT((INDEX(Timeline!$P$5:$AN$305,0,MATCH($A6,Timeline!$P$4:$AN$4,0))="x")*(Timeline!$K$5:$K$305="Task")*ISNUMBER(Timeline!$I$5:$I$305)*ISNUMBER(Timeline!$J$5:$J$305)*(Timeline!$I$5:$I$305<=C$4+6)*(Timeline!$J$5:$J$305>=C$4+6))) -> 0 | D6: =MAX(SUMPRODUCT((INDEX(Timeline!$P$5:$AN$305,0,MATCH($A6,Timeline!$P$4:$AN$4,0))="x")*(Timeline!$K$5:$K$305="Task")*ISNUMBER(Timeline!$I$5:$I$305)*ISNUMBER(Timeline!$J$5:$J$305)*(Timeline!$I$5:$I$305<=D$4+0)*(Timeline!$J$5:$J$305>=D$4+0)),SUMPRODUCT((INDEX(Timeline!$P$5:$AN$305,0,MATCH($A6,Timeline!$P$4:$AN$4,0))="x")*(Timeline!$K$5:$K$305="Task")*ISNUMBER(Timeline!$I$5:$I$305)*ISNUMBER(Timeline!$J$5:$J$305)*(Timeline!$I$5:$I$305<=D$4+1)*(Timeline!$J$5:$J$305>=D$4+1)),SUMPRODUCT((INDEX(Timeline!$P$5:$AN$305,0,MATCH($A6,Timeline!$P$4:$AN$4,0))="x")*(Timeline!$K$5:$K$305="Task")*ISNUMBER(Timeline!$I$5:$I$305)*ISNUMBER(Timeline!$J$5:$J$305)*(Timeline!$I$5:$I$305<=D$4+2)*(Timeline!$J$5:$J$305>=D$4+2)),SUMPRODUCT((INDEX(Timeline!$P$5:$AN$305,0,MATCH($A6,Timeline!$P$4:$AN$4,0))="x")*(Timeline!$K$5:$K$305="Task")*ISNUMBER(Timeline!$I$5:$I$305)*ISNUMBER(Timeline!$J$5:$J$305)*(Timeline!$I$5:$I$305<=D$4+3)*(Timeline!$J$5:$J$305>=D$4+3)),SUMPRODUCT((INDEX(Timeline!$P$5:$AN$305,0,MATCH($A6,Timeline!$P$4:$AN$4,0))="x")*(Timeline!$K$5:$K$305="Task")*ISNUMBER(Timeline!$I$5:$I$305)*ISNUMBER(Timeline!$J$5:$J$305)*(Timeline!$I$5:$I$305<=D$4+4)*(Timeline!$J$5:$J$305>=D$4+4)),SUMPRODUCT((INDEX(Timeline!$P$5:$AN$305,0,MATCH($A6,Timeline!$P$4:$AN$4,0))="x")*(Timeline!$K$5:$K$305="Task")*ISNUMBER(Timeline!$I$5:$I$305)*ISNUMBER(Timeline!$J$5:$J$305)*(Timeline!$I$5:$I$305<=D$4+5)*(Timeline!$J$5:$J$305>=D$4+5)),SUMPRODUCT((INDEX(Timeline!$P$5:$AN$305,0,MATCH($A6,Timeline!$P$4:$AN$4,0))="x")*(Timeline!$K$5:$K$305="Task")*ISNUMBER(Timeline!$I$5:$I$305)*ISNUMBER(Timeline!$J$5:$J$305)*(Timeline!$I$5:$I$305<=D$4+6)*(Timeline!$J$5:$J$305>=D$4+6))) -> 0 | E6: =MAX(SUMPRODUCT((INDEX(Timeline!$P$5:$AN$305,0,MATCH($A6,Timeline!$P$4:$AN$4,0))="x")*(Timeline!$K$5:$K$305="Task")*ISNUMBER(Timeline!$I$5:$I$305)*ISNUMBER(Timeline!$J$5:$J$305)*(Timeline!$I$5:$I$305<=E$4+0)*(Timeline!$J$5:$J$305>=E$4+0)),SUMPRODUCT((INDEX(Timeline!$P$5:$AN$305,0,MATCH($A6,Timeline!$P$4:$AN$4,0))="x")*(Timeline!$K$5:$K$305="Task")*ISNUMBER(Timeline!$I$5:$I$305)*ISNUMBER(Timeline!$J$5:$J$305)*(Timeline!$I$5:$I$305<=E$4+1)*(Timeline!$J$5:$J$305>=E$4+1)),SUMPRODUCT((INDEX(Timeline!$P$5:$AN$305,0,MATCH($A6,Timeline!$P$4:$AN$4,0))="x")*(Timeline!$K$5:$K$305="Task")*ISNUMBER(Timeline!$I$5:$I$305)*ISNUMBER(Timeline!$J$5:$J$305)*(Timeline!$I$5:$I$305<=E$4+2)*(Timeline!$J$5:$J$305>=E$4+2)),SUMPRODUCT((INDEX(Timeline!$P$5:$AN$305,0,MATCH($A6,Timeline!$P$4:$AN$4,0))="x")*(Timeline!$K$5:$K$305="Task")*ISNUMBER(Timeline!$I$5:$I$305)*ISNUMBER(Timeline!$J$5:$J$305)*(Timeline!$I$5:$I$305<=E$4+3)*(Timeline!$J$5:$J$305>=E$4+3)),SUMPRODUCT((INDEX(Timeline!$P$5:$AN$305,0,MATCH($A6,Timeline!$P$4:$AN$4,0))="x")*(Timeline!$K$5:$K$305="Task")*ISNUMBER(Timeline!$I$5:$I$305)*ISNUMBER(Timeline!$J$5:$J$305)*(Timeline!$I$5:$I$305<=E$4+4)*(Timeline!$J$5:$J$305>=E$4+4)),SUMPRODUCT((INDEX(Timeline!$P$5:$AN$305,0,MATCH($A6,Timeline!$P$4:$AN$4,0))="x")*(Timeline!$K$5:$K$305="Task")*ISNUMBER(Timeline!$I$5:$I$305)*ISNUMBER(Timeline!$J$5:$J$305)*(Timeline!$I$5:$I$305<=E$4+5)*(Timeline!$J$5:$J$305>=E$4+5)),SUMPRODUCT((INDEX(Timeline!$P$5:$AN$305,0,MATCH($A6,Timeline!$P$4:$AN$4,0))="x")*(Timeline!$K$5:$K$305="Task")*ISNUMBER(Timeline!$I$5:$I$305)*ISNUMBER(Timeline!$J$5:$J$305)*(Timeline!$I$5:$I$305<=E$4+6)*(Timeline!$J$5:$J$305>=E$4+6))) -> 0 | F6: =MAX(SUMPRODUCT((INDEX(Timeline!$P$5:$AN$305,0,MATCH($A6,Timeline!$P$4:$AN$4,0))="x")*(Timeline!$K$5:$K$305="Task")*ISNUMBER(Timeline!$I$5:$I$305)*ISNUMBER(Timeline!$J$5:$J$305)*(Timeline!$I$5:$I$305<=F$4+0)*(Timeline!$J$5:$J$305>=F$4+0)),SUMPRODUCT((INDEX(Timeline!$P$5:$AN$305,0,MATCH($A6,Timeline!$P$4:$AN$4,0))="x")*(Timeline!$K$5:$K$305="Task")*ISNUMBER(Timeline!$I$5:$I$305)*ISNUMBER(Timeline!$J$5:$J$305)*(Timeline!$I$5:$I$305<=F$4+1)*(Timeline!$J$5:$J$305>=F$4+1)),SUMPRODUCT((INDEX(Timeline!$P$5:$AN$305,0,MATCH($A6,Timeline!$P$4:$AN$4,0))="x")*(Timeline!$K$5:$K$305="Task")*ISNUMBER(Timeline!$I$5:$I$305)*ISNUMBER(Timeline!$J$5:$J$305)*(Timeline!$I$5:$I$305<=F$4+2)*(Timeline!$J$5:$J$305>=F$4+2)),SUMPRODUCT((INDEX(Timeline!$P$5:$AN$305,0,MATCH($A6,Timeline!$P$4:$AN$4,0))="x")*(Timeline!$K$5:$K$305="Task")*ISNUMBER(Timeline!$I$5:$I$305)*ISNUMBER(Timeline!$J$5:$J$305)*(Timeline!$I$5:$I$305<=F$4+3)*(Timeline!$J$5:$J$305>=F$4+3)),SUMPRODUCT((INDEX(Timeline!$P$5:$AN$305,0,MATCH($A6,Timeline!$P$4:$AN$4,0))="x")*(Timeline!$K$5:$K$305="Task")*ISNUMBER(Timeline!$I$5:$I$305)*ISNUMBER(Timeline!$J$5:$J$305)*(Timeline!$I$5:$I$305<=F$4+4)*(Timeline!$J$5:$J$305>=F$4+4)),SUMPRODUCT((INDEX(Timeline!$P$5:$AN$305,0,MATCH($A6,Timeline!$P$4:$AN$4,0))="x")*(Timeline!$K$5:$K$305="Task")*ISNUMBER(Timeline!$I$5:$I$305)*ISNUMBER(Timeline!$J$5:$J$305)*(Timeline!$I$5:$I$305<=F$4+5)*(Timeline!$J$5:$J$305>=F$4+5)),SUMPRODUCT((INDEX(Timeline!$P$5:$AN$305,0,MATCH($A6,Timeline!$P$4:$AN$4,0))="x")*(Timeline!$K$5:$K$305="Task")*ISNUMBER(Timeline!$I$5:$I$305)*ISNUMBER(Timeline!$J$5:$J$305)*(Timeline!$I$5:$I$305<=F$4+6)*(Timeline!$J$5:$J$305>=F$4+6))) -> 1 | G6: =MAX(SUMPRODUCT((INDEX(Timeline!$P$5:$AN$305,0,MATCH($A6,Timeline!$P$4:$AN$4,0))="x")*(Timeline!$K$5:$K$305="Task")*ISNUMBER(Timeline!$I$5:$I$305)*ISNUMBER(Timeline!$J$5:$J$305)*(Timeline!$I$5:$I$305<=G$4+0)*(Timeline!$J$5:$J$305>=G$4+0)),SUMPRODUCT((INDEX(Timeline!$P$5:$AN$305,0,MATCH($A6,Timeline!$P$4:$AN$4,0))="x")*(Timeline!$K$5:$K$305="Task")*ISNUMBER(Timeline!$I$5:$I$305)*ISNUMBER(Timeline!$J$5:$J$305)*(Timeline!$I$5:$I$305<=G$4+1)*(Timeline!$J$5:$J$305>=G$4+1)),SUMPRODUCT((INDEX(Timeline!$P$5:$AN$305,0,MATCH($A6,Timeline!$P$4:$AN$4,0))="x")*(Timeline!$K$5:$K$305="Task")*ISNUMBER(Timeline!$I$5:$I$305)*ISNUMBER(Timeline!$J$5:$J$305)*(Timeline!$I$5:$I$305<=G$4+2)*(Timeline!$J$5:$J$305>=G$4+2)),SUMPRODUCT((INDEX(Timeline!$P$5:$AN$305,0,MATCH($A6,Timeline!$P$4:$AN$4,0))="x")*(Timeline!$K$5:$K$305="Task")*ISNUMBER(Timeline!$I$5:$I$305)*ISNUMBER(Timeline!$J$5:$J$305)*(Timeline!$I$5:$I$305<=G$4+3)*(Timeline!$J$5:$J$305>=G$4+3)),SUMPRODUCT((INDEX(Timeline!$P$5:$AN$305,0,MATCH($A6,Timeline!$P$4:$AN$4,0))="x")*(Timeline!$K$5:$K$305="Task")*ISNUMBER(Timeline!$I$5:$I$305)*ISNUMBER(Timeline!$J$5:$J$305)*(Timeline!$I$5:$I$305<=G$4+4)*(Timeline!$J$5:$J$305>=G$4+4)),SUMPRODUCT((INDEX(Timeline!$P$5:$AN$305,0,MATCH($A6,Timeline!$P$4:$AN$4,0))="x")*(Timeline!$K$5:$K$305="Task")*ISNUMBER(Timeline!$I$5:$I$305)*ISNUMBER(Timeline!$J$5:$J$305)*(Timeline!$I$5:$I$305<=G$4+5)*(Timeline!$J$5:$J$305>=G$4+5)),SUMPRODUCT((INDEX(Timeline!$P$5:$AN$305,0,MATCH($A6,Timeline!$P$4:$AN$4,0))="x")*(Timeline!$K$5:$K$305="Task")*ISNUMBER(Timeline!$I$5:$I$305)*ISNUMBER(Timeline!$J$5:$J$305)*(Timeline!$I$5:$I$305<=G$4+6)*(Timeline!$J$5:$J$305>=G$4+6))) -> 1 | H6: =MAX(SUMPRODUCT((INDEX(Timeline!$P$5:$AN$305,0,MATCH($A6,Timeline!$P$4:$AN$4,0))="x")*(Timeline!$K$5:$K$305="Task")*ISNUMBER(Timeline!$I$5:$I$305)*ISNUMBER(Timeline!$J$5:$J$305)*(Timeline!$I$5:$I$305<=H$4+0)*(Timeline!$J$5:$J$305>=H$4+0)),SUMPRODUCT((INDEX(Timeline!$P$5:$AN$305,0,MATCH($A6,Timeline!$P$4:$AN$4,0))="x")*(Timeline!$K$5:$K$305="Task")*ISNUMBER(Timeline!$I$5:$I$305)*ISNUMBER(Timeline!$J$5:$J$305)*(Timeline!$I$5:$I$305<=H$4+1)*(Timeline!$J$5:$J$305>=H$4+1)),SUMPRODUCT((INDEX(Timeline!$P$5:$AN$305,0,MATCH($A6,Timeline!$P$4:$AN$4,0))="x")*(Timeline!$K$5:$K$305="Task")*ISNUMBER(Timeline!$I$5:$I$305)*ISNUMBER(Timeline!$J$5:$J$305)*(Timeline!$I$5:$I$305<=H$4+2)*(Timeline!$J$5:$J$305>=H$4+2)),SUMPRODUCT((INDEX(Timeline!$P$5:$AN$305,0,MATCH($A6,Timeline!$P$4:$AN$4,0))="x")*(Timeline!$K$5:$K$305="Task")*ISNUMBER(Timeline!$I$5:$I$305)*ISNUMBER(Timeline!$J$5:$J$305)*(Timeline!$I$5:$I$305<=H$4+3)*(Timeline!$J$5:$J$305>=H$4+3)),SUMPRODUCT((INDEX(Timeline!$P$5:$AN$305,0,MATCH($A6,Timeline!$P$4:$AN$4,0))="x")*(Timeline!$K$5:$K$305="Task")*ISNUMBER(Timeline!$I$5:$I$305)*ISNUMBER(Timeline!$J$5:$J$305)*(Timeline!$I$5:$I$305<=H$4+4)*(Timeline!$J$5:$J$305>=H$4+4)),SUMPRODUCT((INDEX(Timeline!$P$5:$AN$305,0,MATCH($A6,Timeline!$P$4:$AN$4,0))="x")*(Timeline!$K$5:$K$305="Task")*ISNUMBER(Timeline!$I$5:$I$305)*ISNUMBER(Timeline!$J$5:$J$305)*(Timeline!$I$5:$I$305<=H$4+5)*(Timeline!$J$5:$J$305>=H$4+5)),SUMPRODUCT((INDEX(Timeline!$P$5:$AN$305,0,MATCH($A6,Timeline!$P$4:$AN$4,0))="x")*(Timeline!$K$5:$K$305="Task")*ISNUMBER(Timeline!$I$5:$I$305)*ISNUMBER(Timeline!$J$5:$J$305)*(Timeline!$I$5:$I$305<=H$4+6)*(Timeline!$J$5:$J$305>=H$4+6))) -> 1 | I6: =MAX(SUMPRODUCT((INDEX(Timeline!$P$5:$AN$305,0,MATCH($A6,Timeline!$P$4:$AN$4,0))="x")*(Timeline!$K$5:$K$305="Task")*ISNUMBER(Timeline!$I$5:$I$305)*ISNUMBER(Timeline!$J$5:$J$305)*(Timeline!$I$5:$I$305<=I$4+0)*(Timeline!$J$5:$J$305>=I$4+0)),SUMPRODUCT((INDEX(Timeline!$P$5:$AN$305,0,MATCH($A6,Timeline!$P$4:$AN$4,0))="x")*(Timeline!$K$5:$K$305="Task")*ISNUMBER(Timeline!$I$5:$I$305)*ISNUMBER(Timeline!$J$5:$J$305)*(Timeline!$I$5:$I$305<=I$4+1)*(Timeline!$J$5:$J$305>=I$4+1)),SUMPRODUCT((INDEX(Timeline!$P$5:$AN$305,0,MATCH($A6,Timeline!$P$4:$AN$4,0))="x")*(Timeline!$K$5:$K$305="Task")*ISNUMBER(Timeline!$I$5:$I$305)*ISNUMBER(Timeline!$J$5:$J$305)*(Timeline!$I$5:$I$305<=I$4+2)*(Timeline!$J$5:$J$305>=I$4+2)),SUMPRODUCT((INDEX(Timeline!$P$5:$AN$305,0,MATCH($A6,Timeline!$P$4:$AN$4,0))="x")*(Timeline!$K$5:$K$305="Task")*ISNUMBER(Timeline!$I$5:$I$305)*ISNUMBER(Timeline!$J$5:$J$305)*(Timeline!$I$5:$I$305<=I$4+3)*(Timeline!$J$5:$J$305>=I$4+3)),SUMPRODUCT((INDEX(Timeline!$P$5:$AN$305,0,MATCH($A6,Timeline!$P$4:$AN$4,0))="x")*(Timeline!$K$5:$K$305="Task")*ISNUMBER(Timeline!$I$5:$I$305)*ISNUMBER(Timeline!$J$5:$J$305)*(Timeline!$I$5:$I$305<=I$4+4)*(Timeline!$J$5:$J$305>=I$4+4)),SUMPRODUCT((INDEX(Timeline!$P$5:$AN$305,0,MATCH($A6,Timeline!$P$4:$AN$4,0))="x")*(Timeline!$K$5:$K$305="Task")*ISNUMBER(Timeline!$I$5:$I$305)*ISNUMBER(Timeline!$J$5:$J$305)*(Timeline!$I$5:$I$305<=I$4+5)*(Timeline!$J$5:$J$305>=I$4+5)),SUMPRODUCT((INDEX(Timeline!$P$5:$AN$305,0,MATCH($A6,Timeline!$P$4:$AN$4,0))="x")*(Timeline!$K$5:$K$305="Task")*ISNUMBER(Timeline!$I$5:$I$305)*ISNUMBER(Timeline!$J$5:$J$305)*(Timeline!$I$5:$I$305<=I$4+6)*(Timeline!$J$5:$J$305>=I$4+6))) -> 1 | J6: =MAX(SUMPRODUCT((INDEX(Timeline!$P$5:$AN$305,0,MATCH($A6,Timeline!$P$4:$AN$4,0))="x")*(Timeline!$K$5:$K$305="Task")*ISNUMBER(Timeline!$I$5:$I$305)*ISNUMBER(Timeline!$J$5:$J$305)*(Timeline!$I$5:$I$305<=J$4+0)*(Timeline!$J$5:$J$305>=J$4+0)),SUMPRODUCT((INDEX(Timeline!$P$5:$AN$305,0,MATCH($A6,Timeline!$P$4:$AN$4,0))="x")*(Timeline!$K$5:$K$305="Task")*ISNUMBER(Timeline!$I$5:$I$305)*ISNUMBER(Timeline!$J$5:$J$305)*(Timeline!$I$5:$I$305<=J$4+1)*(Timeline!$J$5:$J$305>=J$4+1)),SUMPRODUCT((INDEX(Timeline!$P$5:$AN$305,0,MATCH($A6,Timeline!$P$4:$AN$4,0))="x")*(Timeline!$K$5:$K$305="Task")*ISNUMBER(Timeline!$I$5:$I$305)*ISNUMBER(Timeline!$J$5:$J$305)*(Timeline!$I$5:$I$305<=J$4+2)*(Timeline!$J$5:$J$305>=J$4+2)),SUMPRODUCT((INDEX(Timeline!$P$5:$AN$305,0,MATCH($A6,Timeline!$P$4:$AN$4,0))="x")*(Timeline!$K$5:$K$305="Task")*ISNUMBER(Timeline!$I$5:$I$305)*ISNUMBER(Timeline!$J$5:$J$305)*(Timeline!$I$5:$I$305<=J$4+3)*(Timeline!$J$5:$J$305>=J$4+3)),SUMPRODUCT((INDEX(Timeline!$P$5:$AN$305,0,MATCH($A6,Timeline!$P$4:$AN$4,0))="x")*(Timeline!$K$5:$K$305="Task")*ISNUMBER(Timeline!$I$5:$I$305)*ISNUMBER(Timeline!$J$5:$J$305)*(Timeline!$I$5:$I$305<=J$4+4)*(Timeline!$J$5:$J$305>=J$4+4)),SUMPRODUCT((INDEX(Timeline!$P$5:$AN$305,0,MATCH($A6,Timeline!$P$4:$AN$4,0))="x")*(Timeline!$K$5:$K$305="Task")*ISNUMBER(Timeline!$I$5:$I$305)*ISNUMBER(Timeline!$J$5:$J$305)*(Timeline!$I$5:$I$305<=J$4+5)*(Timeline!$J$5:$J$305>=J$4+5)),SUMPRODUCT((INDEX(Timeline!$P$5:$AN$305,0,MATCH($A6,Timeline!$P$4:$AN$4,0))="x")*(Timeline!$K$5:$K$305="Task")*ISNUMBER(Timeline!$I$5:$I$305)*ISNUMBER(Timeline!$J$5:$J$305)*(Timeline!$I$5:$I$305<=J$4+6)*(Timeline!$J$5:$J$305>=J$4+6))) -> 1 | ... BA6: =MAX(SUMPRODUCT((INDEX(Timeline!$P$5:$AN$305,0,MATCH($A6,Timeline!$P$4:$AN$4,0))="x")*(Timeline!$K$5:$K$305="Task")*ISNUMBER(Timeline!$I$5:$I$305)*ISNUMBER(Timeline!$J$5:$J$305)*(Timeline!$I$5:$I$305<=BA$4+0)*(Timeline!$J$5:$J$305>=BA$4+0)),SUMPRODUCT((INDEX(Timeline!$P$5:$AN$305,0,MATCH($A6,Timeline!$P$4:$AN$4,0))="x")*(Timeline!$K$5:$K$305="Task")*ISNUMBER(Timeline!$I$5:$I$305)*ISNUMBER(Timeline!$J$5:$J$305)*(Timeline!$I$5:$I$305<=BA$4+1)*(Timeline!$J$5:$J$305>=BA$4+1)),SUMPRODUCT((INDEX(Timeline!$P$5:$AN$305,0,MATCH($A6,Timeline!$P$4:$AN$4,0))="x")*(Timeline!$K$5:$K$305="Task")*ISNUMBER(Timeline!$I$5:$I$305)*ISNUMBER(Timeline!$J$5:$J$305)*(Timeline!$I$5:$I$305<=BA$4+2)*(Timeline!$J$5:$J$305>=BA$4+2)),SUMPRODUCT((INDEX(Timeline!$P$5:$AN$305,0,MATCH($A6,Timeline!$P$4:$AN$4,0))="x")*(Timeline!$K$5:$K$305="Task")*ISNUMBER(Timeline!$I$5:$I$305)*ISNUMBER(Timeline!$J$5:$J$305)*(Timeline!$I$5:$I$305<=BA$4+3)*(Timeline!$J$5:$J$305>=BA$4+3)),SUMPRODUCT((INDEX(Timeline!$P$5:$AN$305,0,MATCH($A6,Timeline!$P$4:$AN$4,0))="x")*(Timeline!$K$5:$K$305="Task")*ISNUMBER(Timeline!$I$5:$I$305)*ISNUMBER(Timeline!$J$5:$J$305)*(Timeline!$I$5:$I$305<=BA$4+4)*(Timeline!$J$5:$J$305>=BA$4+4)),SUMPRODUCT((INDEX(Timeline!$P$5:$AN$305,0,MATCH($A6,Timeline!$P$4:$AN$4,0))="x")*(Timeline!$K$5:$K$305="Task")*ISNUMBER(Timeline!$I$5:$I$305)*ISNUMBER(Timeline!$J$5:$J$305)*(Timeline!$I$5:$I$305<=BA$4+5)*(Timeline!$J$5:$J$305>=BA$4+5)),SUMPRODUCT((INDEX(Timeline!$P$5:$AN$305,0,MATCH($A6,Timeline!$P$4:$AN$4,0))="x")*(Timeline!$K$5:$K$305="Task")*ISNUMBER(Timeline!$I$5:$I$305)*ISNUMBER(Timeline!$J$5:$J$305)*(Timeline!$I$5:$I$305<=BA$4+6)*(Timeline!$J$5:$J$305>=BA$4+6))) -> 0
A7: BA2 | B7: Business analyst · Promotions, Perfect Store | C7: =MAX(SUMPRODUCT((INDEX(Timeline!$P$5:$AN$305,0,MATCH($A7,Timeline!$P$4:$AN$4,0))="x")*(Timeline!$K$5:$K$305="Task")*ISNUMBER(Timeline!$I$5:$I$305)*ISNUMBER(Timeline!$J$5:$J$305)*(Timeline!$I$5:$I$305<=C$4+0)*(Timeline!$J$5:$J$305>=C$4+0)),SUMPRODUCT((INDEX(Timeline!$P$5:$AN$305,0,MATCH($A7,Timeline!$P$4:$AN$4,0))="x")*(Timeline!$K$5:$K$305="Task")*ISNUMBER(Timeline!$I$5:$I$305)*ISNUMBER(Timeline!$J$5:$J$305)*(Timeline!$I$5:$I$305<=C$4+1)*(Timeline!$J$5:$J$305>=C$4+1)),SUMPRODUCT((INDEX(Timeline!$P$5:$AN$305,0,MATCH($A7,Timeline!$P$4:$AN$4,0))="x")*(Timeline!$K$5:$K$305="Task")*ISNUMBER(Timeline!$I$5:$I$305)*ISNUMBER(Timeline!$J$5:$J$305)*(Timeline!$I$5:$I$305<=C$4+2)*(Timeline!$J$5:$J$305>=C$4+2)),SUMPRODUCT((INDEX(Timeline!$P$5:$AN$305,0,MATCH($A7,Timeline!$P$4:$AN$4,0))="x")*(Timeline!$K$5:$K$305="Task")*ISNUMBER(Timeline!$I$5:$I$305)*ISNUMBER(Timeline!$J$5:$J$305)*(Timeline!$I$5:$I$305<=C$4+3)*(Timeline!$J$5:$J$305>=C$4+3)),SUMPRODUCT((INDEX(Timeline!$P$5:$AN$305,0,MATCH($A7,Timeline!$P$4:$AN$4,0))="x")*(Timeline!$K$5:$K$305="Task")*ISNUMBER(Timeline!$I$5:$I$305)*ISNUMBER(Timeline!$J$5:$J$305)*(Timeline!$I$5:$I$305<=C$4+4)*(Timeline!$J$5:$J$305>=C$4+4)),SUMPRODUCT((INDEX(Timeline!$P$5:$AN$305,0,MATCH($A7,Timeline!$P$4:$AN$4,0))="x")*(Timeline!$K$5:$K$305="Task")*ISNUMBER(Timeline!$I$5:$I$305)*ISNUMBER(Timeline!$J$5:$J$305)*(Timeline!$I$5:$I$305<=C$4+5)*(Timeline!$J$5:$J$305>=C$4+5)),SUMPRODUCT((INDEX(Timeline!$P$5:$AN$305,0,MATCH($A7,Timeline!$P$4:$AN$4,0))="x")*(Timeline!$K$5:$K$305="Task")*ISNUMBER(Timeline!$I$5:$I$305)*ISNUMBER(Timeline!$J$5:$J$305)*(Timeline!$I$5:$I$305<=C$4+6)*(Timeline!$J$5:$J$305>=C$4+6))) -> 0 | D7: =MAX(SUMPRODUCT((INDEX(Timeline!$P$5:$AN$305,0,MATCH($A7,Timeline!$P$4:$AN$4,0))="x")*(Timeline!$K$5:$K$305="Task")*ISNUMBER(Timeline!$I$5:$I$305)*ISNUMBER(Timeline!$J$5:$J$305)*(Timeline!$I$5:$I$305<=D$4+0)*(Timeline!$J$5:$J$305>=D$4+0)),SUMPRODUCT((INDEX(Timeline!$P$5:$AN$305,0,MATCH($A7,Timeline!$P$4:$AN$4,0))="x")*(Timeline!$K$5:$K$305="Task")*ISNUMBER(Timeline!$I$5:$I$305)*ISNUMBER(Timeline!$J$5:$J$305)*(Timeline!$I$5:$I$305<=D$4+1)*(Timeline!$J$5:$J$305>=D$4+1)),SUMPRODUCT((INDEX(Timeline!$P$5:$AN$305,0,MATCH($A7,Timeline!$P$4:$AN$4,0))="x")*(Timeline!$K$5:$K$305="Task")*ISNUMBER(Timeline!$I$5:$I$305)*ISNUMBER(Timeline!$J$5:$J$305)*(Timeline!$I$5:$I$305<=D$4+2)*(Timeline!$J$5:$J$305>=D$4+2)),SUMPRODUCT((INDEX(Timeline!$P$5:$AN$305,0,MATCH($A7,Timeline!$P$4:$AN$4,0))="x")*(Timeline!$K$5:$K$305="Task")*ISNUMBER(Timeline!$I$5:$I$305)*ISNUMBER(Timeline!$J$5:$J$305)*(Timeline!$I$5:$I$305<=D$4+3)*(Timeline!$J$5:$J$305>=D$4+3)),SUMPRODUCT((INDEX(Timeline!$P$5:$AN$305,0,MATCH($A7,Timeline!$P$4:$AN$4,0))="x")*(Timeline!$K$5:$K$305="Task")*ISNUMBER(Timeline!$I$5:$I$305)*ISNUMBER(Timeline!$J$5:$J$305)*(Timeline!$I$5:$I$305<=D$4+4)*(Timeline!$J$5:$J$305>=D$4+4)),SUMPRODUCT((INDEX(Timeline!$P$5:$AN$305,0,MATCH($A7,Timeline!$P$4:$AN$4,0))="x")*(Timeline!$K$5:$K$305="Task")*ISNUMBER(Timeline!$I$5:$I$305)*ISNUMBER(Timeline!$J$5:$J$305)*(Timeline!$I$5:$I$305<=D$4+5)*(Timeline!$J$5:$J$305>=D$4+5)),SUMPRODUCT((INDEX(Timeline!$P$5:$AN$305,0,MATCH($A7,Timeline!$P$4:$AN$4,0))="x")*(Timeline!$K$5:$K$305="Task")*ISNUMBER(Timeline!$I$5:$I$305)*ISNUMBER(Timeline!$J$5:$J$305)*(Timeline!$I$5:$I$305<=D$4+6)*(Timeline!$J$5:$J$305>=D$4+6))) -> 0 | E7: =MAX(SUMPRODUCT((INDEX(Timeline!$P$5:$AN$305,0,MATCH($A7,Timeline!$P$4:$AN$4,0))="x")*(Timeline!$K$5:$K$305="Task")*ISNUMBER(Timeline!$I$5:$I$305)*ISNUMBER(Timeline!$J$5:$J$305)*(Timeline!$I$5:$I$305<=E$4+0)*(Timeline!$J$5:$J$305>=E$4+0)),SUMPRODUCT((INDEX(Timeline!$P$5:$AN$305,0,MATCH($A7,Timeline!$P$4:$AN$4,0))="x")*(Timeline!$K$5:$K$305="Task")*ISNUMBER(Timeline!$I$5:$I$305)*ISNUMBER(Timeline!$J$5:$J$305)*(Timeline!$I$5:$I$305<=E$4+1)*(Timeline!$J$5:$J$305>=E$4+1)),SUMPRODUCT((INDEX(Timeline!$P$5:$AN$305,0,MATCH($A7,Timeline!$P$4:$AN$4,0))="x")*(Timeline!$K$5:$K$305="Task")*ISNUMBER(Timeline!$I$5:$I$305)*ISNUMBER(Timeline!$J$5:$J$305)*(Timeline!$I$5:$I$305<=E$4+2)*(Timeline!$J$5:$J$305>=E$4+2)),SUMPRODUCT((INDEX(Timeline!$P$5:$AN$305,0,MATCH($A7,Timeline!$P$4:$AN$4,0))="x")*(Timeline!$K$5:$K$305="Task")*ISNUMBER(Timeline!$I$5:$I$305)*ISNUMBER(Timeline!$J$5:$J$305)*(Timeline!$I$5:$I$305<=E$4+3)*(Timeline!$J$5:$J$305>=E$4+3)),SUMPRODUCT((INDEX(Timeline!$P$5:$AN$305,0,MATCH($A7,Timeline!$P$4:$AN$4,0))="x")*(Timeline!$K$5:$K$305="Task")*ISNUMBER(Timeline!$I$5:$I$305)*ISNUMBER(Timeline!$J$5:$J$305)*(Timeline!$I$5:$I$305<=E$4+4)*(Timeline!$J$5:$J$305>=E$4+4)),SUMPRODUCT((INDEX(Timeline!$P$5:$AN$305,0,MATCH($A7,Timeline!$P$4:$AN$4,0))="x")*(Timeline!$K$5:$K$305="Task")*ISNUMBER(Timeline!$I$5:$I$305)*ISNUMBER(Timeline!$J$5:$J$305)*(Timeline!$I$5:$I$305<=E$4+5)*(Timeline!$J$5:$J$305>=E$4+5)),SUMPRODUCT((INDEX(Timeline!$P$5:$AN$305,0,MATCH($A7,Timeline!$P$4:$AN$4,0))="x")*(Timeline!$K$5:$K$305="Task")*ISNUMBER(Timeline!$I$5:$I$305)*ISNUMBER(Timeline!$J$5:$J$305)*(Timeline!$I$5:$I$305<=E$4+6)*(Timeline!$J$5:$J$305>=E$4+6))) -> 0 | F7: =MAX(SUMPRODUCT((INDEX(Timeline!$P$5:$AN$305,0,MATCH($A7,Timeline!$P$4:$AN$4,0))="x")*(Timeline!$K$5:$K$305="Task")*ISNUMBER(Timeline!$I$5:$I$305)*ISNUMBER(Timeline!$J$5:$J$305)*(Timeline!$I$5:$I$305<=F$4+0)*(Timeline!$J$5:$J$305>=F$4+0)),SUMPRODUCT((INDEX(Timeline!$P$5:$AN$305,0,MATCH($A7,Timeline!$P$4:$AN$4,0))="x")*(Timeline!$K$5:$K$305="Task")*ISNUMBER(Timeline!$I$5:$I$305)*ISNUMBER(Timeline!$J$5:$J$305)*(Timeline!$I$5:$I$305<=F$4+1)*(Timeline!$J$5:$J$305>=F$4+1)),SUMPRODUCT((INDEX(Timeline!$P$5:$AN$305,0,MATCH($A7,Timeline!$P$4:$AN$4,0))="x")*(Timeline!$K$5:$K$305="Task")*ISNUMBER(Timeline!$I$5:$I$305)*ISNUMBER(Timeline!$J$5:$J$305)*(Timeline!$I$5:$I$305<=F$4+2)*(Timeline!$J$5:$J$305>=F$4+2)),SUMPRODUCT((INDEX(Timeline!$P$5:$AN$305,0,MATCH($A7,Timeline!$P$4:$AN$4,0))="x")*(Timeline!$K$5:$K$305="Task")*ISNUMBER(Timeline!$I$5:$I$305)*ISNUMBER(Timeline!$J$5:$J$305)*(Timeline!$I$5:$I$305<=F$4+3)*(Timeline!$J$5:$J$305>=F$4+3)),SUMPRODUCT((INDEX(Timeline!$P$5:$AN$305,0,MATCH($A7,Timeline!$P$4:$AN$4,0))="x")*(Timeline!$K$5:$K$305="Task")*ISNUMBER(Timeline!$I$5:$I$305)*ISNUMBER(Timeline!$J$5:$J$305)*(Timeline!$I$5:$I$305<=F$4+4)*(Timeline!$J$5:$J$305>=F$4+4)),SUMPRODUCT((INDEX(Timeline!$P$5:$AN$305,0,MATCH($A7,Timeline!$P$4:$AN$4,0))="x")*(Timeline!$K$5:$K$305="Task")*ISNUMBER(Timeline!$I$5:$I$305)*ISNUMBER(Timeline!$J$5:$J$305)*(Timeline!$I$5:$I$305<=F$4+5)*(Timeline!$J$5:$J$305>=F$4+5)),SUMPRODUCT((INDEX(Timeline!$P$5:$AN$305,0,MATCH($A7,Timeline!$P$4:$AN$4,0))="x")*(Timeline!$K$5:$K$305="Task")*ISNUMBER(Timeline!$I$5:$I$305)*ISNUMBER(Timeline!$J$5:$J$305)*(Timeline!$I$5:$I$305<=F$4+6)*(Timeline!$J$5:$J$305>=F$4+6))) -> 0 | G7: =MAX(SUMPRODUCT((INDEX(Timeline!$P$5:$AN$305,0,MATCH($A7,Timeline!$P$4:$AN$4,0))="x")*(Timeline!$K$5:$K$305="Task")*ISNUMBER(Timeline!$I$5:$I$305)*ISNUMBER(Timeline!$J$5:$J$305)*(Timeline!$I$5:$I$305<=G$4+0)*(Timeline!$J$5:$J$305>=G$4+0)),SUMPRODUCT((INDEX(Timeline!$P$5:$AN$305,0,MATCH($A7,Timeline!$P$4:$AN$4,0))="x")*(Timeline!$K$5:$K$305="Task")*ISNUMBER(Timeline!$I$5:$I$305)*ISNUMBER(Timeline!$J$5:$J$305)*(Timeline!$I$5:$I$305<=G$4+1)*(Timeline!$J$5:$J$305>=G$4+1)),SUMPRODUCT((INDEX(Timeline!$P$5:$AN$305,0,MATCH($A7,Timeline!$P$4:$AN$4,0))="x")*(Timeline!$K$5:$K$305="Task")*ISNUMBER(Timeline!$I$5:$I$305)*ISNUMBER(Timeline!$J$5:$J$305)*(Timeline!$I$5:$I$305<=G$4+2)*(Timeline!$J$5:$J$305>=G$4+2)),SUMPRODUCT((INDEX(Timeline!$P$5:$AN$305,0,MATCH($A7,Timeline!$P$4:$AN$4,0))="x")*(Timeline!$K$5:$K$305="Task")*ISNUMBER(Timeline!$I$5:$I$305)*ISNUMBER(Timeline!$J$5:$J$305)*(Timeline!$I$5:$I$305<=G$4+3)*(Timeline!$J$5:$J$305>=G$4+3)),SUMPRODUCT((INDEX(Timeline!$P$5:$AN$305,0,MATCH($A7,Timeline!$P$4:$AN$4,0))="x")*(Timeline!$K$5:$K$305="Task")*ISNUMBER(Timeline!$I$5:$I$305)*ISNUMBER(Timeline!$J$5:$J$305)*(Timeline!$I$5:$I$305<=G$4+4)*(Timeline!$J$5:$J$305>=G$4+4)),SUMPRODUCT((INDEX(Timeline!$P$5:$AN$305,0,MATCH($A7,Timeline!$P$4:$AN$4,0))="x")*(Timeline!$K$5:$K$305="Task")*ISNUMBER(Timeline!$I$5:$I$305)*ISNUMBER(Timeline!$J$5:$J$305)*(Timeline!$I$5:$I$305<=G$4+5)*(Timeline!$J$5:$J$305>=G$4+5)),SUMPRODUCT((INDEX(Timeline!$P$5:$AN$305,0,MATCH($A7,Timeline!$P$4:$AN$4,0))="x")*(Timeline!$K$5:$K$305="Task")*ISNUMBER(Timeline!$I$5:$I$305)*ISNUMBER(Timeline!$J$5:$J$305)*(Timeline!$I$5:$I$305<=G$4+6)*(Timeline!$J$5:$J$305>=G$4+6))) -> 1 | H7: =MAX(SUMPRODUCT((INDEX(Timeline!$P$5:$AN$305,0,MATCH($A7,Timeline!$P$4:$AN$4,0))="x")*(Timeline!$K$5:$K$305="Task")*ISNUMBER(Timeline!$I$5:$I$305)*ISNUMBER(Timeline!$J$5:$J$305)*(Timeline!$I$5:$I$305<=H$4+0)*(Timeline!$J$5:$J$305>=H$4+0)),SUMPRODUCT((INDEX(Timeline!$P$5:$AN$305,0,MATCH($A7,Timeline!$P$4:$AN$4,0))="x")*(Timeline!$K$5:$K$305="Task")*ISNUMBER(Timeline!$I$5:$I$305)*ISNUMBER(Timeline!$J$5:$J$305)*(Timeline!$I$5:$I$305<=H$4+1)*(Timeline!$J$5:$J$305>=H$4+1)),SUMPRODUCT((INDEX(Timeline!$P$5:$AN$305,0,MATCH($A7,Timeline!$P$4:$AN$4,0))="x")*(Timeline!$K$5:$K$305="Task")*ISNUMBER(Timeline!$I$5:$I$305)*ISNUMBER(Timeline!$J$5:$J$305)*(Timeline!$I$5:$I$305<=H$4+2)*(Timeline!$J$5:$J$305>=H$4+2)),SUMPRODUCT((INDEX(Timeline!$P$5:$AN$305,0,MATCH($A7,Timeline!$P$4:$AN$4,0))="x")*(Timeline!$K$5:$K$305="Task")*ISNUMBER(Timeline!$I$5:$I$305)*ISNUMBER(Timeline!$J$5:$J$305)*(Timeline!$I$5:$I$305<=H$4+3)*(Timeline!$J$5:$J$305>=H$4+3)),SUMPRODUCT((INDEX(Timeline!$P$5:$AN$305,0,MATCH($A7,Timeline!$P$4:$AN$4,0))="x")*(Timeline!$K$5:$K$305="Task")*ISNUMBER(Timeline!$I$5:$I$305)*ISNUMBER(Timeline!$J$5:$J$305)*(Timeline!$I$5:$I$305<=H$4+4)*(Timeline!$J$5:$J$305>=H$4+4)),SUMPRODUCT((INDEX(Timeline!$P$5:$AN$305,0,MATCH($A7,Timeline!$P$4:$AN$4,0))="x")*(Timeline!$K$5:$K$305="Task")*ISNUMBER(Timeline!$I$5:$I$305)*ISNUMBER(Timeline!$J$5:$J$305)*(Timeline!$I$5:$I$305<=H$4+5)*(Timeline!$J$5:$J$305>=H$4+5)),SUMPRODUCT((INDEX(Timeline!$P$5:$AN$305,0,MATCH($A7,Timeline!$P$4:$AN$4,0))="x")*(Timeline!$K$5:$K$305="Task")*ISNUMBER(Timeline!$I$5:$I$305)*ISNUMBER(Timeline!$J$5:$J$305)*(Timeline!$I$5:$I$305<=H$4+6)*(Timeline!$J$5:$J$305>=H$4+6))) -> 1 | I7: =MAX(SUMPRODUCT((INDEX(Timeline!$P$5:$AN$305,0,MATCH($A7,Timeline!$P$4:$AN$4,0))="x")*(Timeline!$K$5:$K$305="Task")*ISNUMBER(Timeline!$I$5:$I$305)*ISNUMBER(Timeline!$J$5:$J$305)*(Timeline!$I$5:$I$305<=I$4+0)*(Timeline!$J$5:$J$305>=I$4+0)),SUMPRODUCT((INDEX(Timeline!$P$5:$AN$305,0,MATCH($A7,Timeline!$P$4:$AN$4,0))="x")*(Timeline!$K$5:$K$305="Task")*ISNUMBER(Timeline!$I$5:$I$305)*ISNUMBER(Timeline!$J$5:$J$305)*(Timeline!$I$5:$I$305<=I$4+1)*(Timeline!$J$5:$J$305>=I$4+1)),SUMPRODUCT((INDEX(Timeline!$P$5:$AN$305,0,MATCH($A7,Timeline!$P$4:$AN$4,0))="x")*(Timeline!$K$5:$K$305="Task")*ISNUMBER(Timeline!$I$5:$I$305)*ISNUMBER(Timeline!$J$5:$J$305)*(Timeline!$I$5:$I$305<=I$4+2)*(Timeline!$J$5:$J$305>=I$4+2)),SUMPRODUCT((INDEX(Timeline!$P$5:$AN$305,0,MATCH($A7,Timeline!$P$4:$AN$4,0))="x")*(Timeline!$K$5:$K$305="Task")*ISNUMBER(Timeline!$I$5:$I$305)*ISNUMBER(Timeline!$J$5:$J$305)*(Timeline!$I$5:$I$305<=I$4+3)*(Timeline!$J$5:$J$305>=I$4+3)),SUMPRODUCT((INDEX(Timeline!$P$5:$AN$305,0,MATCH($A7,Timeline!$P$4:$AN$4,0))="x")*(Timeline!$K$5:$K$305="Task")*ISNUMBER(Timeline!$I$5:$I$305)*ISNUMBER(Timeline!$J$5:$J$305)*(Timeline!$I$5:$I$305<=I$4+4)*(Timeline!$J$5:$J$305>=I$4+4)),SUMPRODUCT((INDEX(Timeline!$P$5:$AN$305,0,MATCH($A7,Timeline!$P$4:$AN$4,0))="x")*(Timeline!$K$5:$K$305="Task")*ISNUMBER(Timeline!$I$5:$I$305)*ISNUMBER(Timeline!$J$5:$J$305)*(Timeline!$I$5:$I$305<=I$4+5)*(Timeline!$J$5:$J$305>=I$4+5)),SUMPRODUCT((INDEX(Timeline!$P$5:$AN$305,0,MATCH($A7,Timeline!$P$4:$AN$4,0))="x")*(Timeline!$K$5:$K$305="Task")*ISNUMBER(Timeline!$I$5:$I$305)*ISNUMBER(Timeline!$J$5:$J$305)*(Timeline!$I$5:$I$305<=I$4+6)*(Timeline!$J$5:$J$305>=I$4+6))) -> 1 | J7: =MAX(SUMPRODUCT((INDEX(Timeline!$P$5:$AN$305,0,MATCH($A7,Timeline!$P$4:$AN$4,0))="x")*(Timeline!$K$5:$K$305="Task")*ISNUMBER(Timeline!$I$5:$I$305)*ISNUMBER(Timeline!$J$5:$J$305)*(Timeline!$I$5:$I$305<=J$4+0)*(Timeline!$J$5:$J$305>=J$4+0)),SUMPRODUCT((INDEX(Timeline!$P$5:$AN$305,0,MATCH($A7,Timeline!$P$4:$AN$4,0))="x")*(Timeline!$K$5:$K$305="Task")*ISNUMBER(Timeline!$I$5:$I$305)*ISNUMBER(Timeline!$J$5:$J$305)*(Timeline!$I$5:$I$305<=J$4+1)*(Timeline!$J$5:$J$305>=J$4+1)),SUMPRODUCT((INDEX(Timeline!$P$5:$AN$305,0,MATCH($A7,Timeline!$P$4:$AN$4,0))="x")*(Timeline!$K$5:$K$305="Task")*ISNUMBER(Timeline!$I$5:$I$305)*ISNUMBER(Timeline!$J$5:$J$305)*(Timeline!$I$5:$I$305<=J$4+2)*(Timeline!$J$5:$J$305>=J$4+2)),SUMPRODUCT((INDEX(Timeline!$P$5:$AN$305,0,MATCH($A7,Timeline!$P$4:$AN$4,0))="x")*(Timeline!$K$5:$K$305="Task")*ISNUMBER(Timeline!$I$5:$I$305)*ISNUMBER(Timeline!$J$5:$J$305)*(Timeline!$I$5:$I$305<=J$4+3)*(Timeline!$J$5:$J$305>=J$4+3)),SUMPRODUCT((INDEX(Timeline!$P$5:$AN$305,0,MATCH($A7,Timeline!$P$4:$AN$4,0))="x")*(Timeline!$K$5:$K$305="Task")*ISNUMBER(Timeline!$I$5:$I$305)*ISNUMBER(Timeline!$J$5:$J$305)*(Timeline!$I$5:$I$305<=J$4+4)*(Timeline!$J$5:$J$305>=J$4+4)),SUMPRODUCT((INDEX(Timeline!$P$5:$AN$305,0,MATCH($A7,Timeline!$P$4:$AN$4,0))="x")*(Timeline!$K$5:$K$305="Task")*ISNUMBER(Timeline!$I$5:$I$305)*ISNUMBER(Timeline!$J$5:$J$305)*(Timeline!$I$5:$I$305<=J$4+5)*(Timeline!$J$5:$J$305>=J$4+5)),SUMPRODUCT((INDEX(Timeline!$P$5:$AN$305,0,MATCH($A7,Timeline!$P$4:$AN$4,0))="x")*(Timeline!$K$5:$K$305="Task")*ISNUMBER(Timeline!$I$5:$I$305)*ISNUMBER(Timeline!$J$5:$J$305)*(Timeline!$I$5:$I$305<=J$4+6)*(Timeline!$J$5:$J$305>=J$4+6))) -> 1 | ... BA7: =MAX(SUMPRODUCT((INDEX(Timeline!$P$5:$AN$305,0,MATCH($A7,Timeline!$P$4:$AN$4,0))="x")*(Timeline!$K$5:$K$305="Task")*ISNUMBER(Timeline!$I$5:$I$305)*ISNUMBER(Timeline!$J$5:$J$305)*(Timeline!$I$5:$I$305<=BA$4+0)*(Timeline!$J$5:$J$305>=BA$4+0)),SUMPRODUCT((INDEX(Timeline!$P$5:$AN$305,0,MATCH($A7,Timeline!$P$4:$AN$4,0))="x")*(Timeline!$K$5:$K$305="Task")*ISNUMBER(Timeline!$I$5:$I$305)*ISNUMBER(Timeline!$J$5:$J$305)*(Timeline!$I$5:$I$305<=BA$4+1)*(Timeline!$J$5:$J$305>=BA$4+1)),SUMPRODUCT((INDEX(Timeline!$P$5:$AN$305,0,MATCH($A7,Timeline!$P$4:$AN$4,0))="x")*(Timeline!$K$5:$K$305="Task")*ISNUMBER(Timeline!$I$5:$I$305)*ISNUMBER(Timeline!$J$5:$J$305)*(Timeline!$I$5:$I$305<=BA$4+2)*(Timeline!$J$5:$J$305>=BA$4+2)),SUMPRODUCT((INDEX(Timeline!$P$5:$AN$305,0,MATCH($A7,Timeline!$P$4:$AN$4,0))="x")*(Timeline!$K$5:$K$305="Task")*ISNUMBER(Timeline!$I$5:$I$305)*ISNUMBER(Timeline!$J$5:$J$305)*(Timeline!$I$5:$I$305<=BA$4+3)*(Timeline!$J$5:$J$305>=BA$4+3)),SUMPRODUCT((INDEX(Timeline!$P$5:$AN$305,0,MATCH($A7,Timeline!$P$4:$AN$4,0))="x")*(Timeline!$K$5:$K$305="Task")*ISNUMBER(Timeline!$I$5:$I$305)*ISNUMBER(Timeline!$J$5:$J$305)*(Timeline!$I$5:$I$305<=BA$4+4)*(Timeline!$J$5:$J$305>=BA$4+4)),SUMPRODUCT((INDEX(Timeline!$P$5:$AN$305,0,MATCH($A7,Timeline!$P$4:$AN$4,0))="x")*(Timeline!$K$5:$K$305="Task")*ISNUMBER(Timeline!$I$5:$I$305)*ISNUMBER(Timeline!$J$5:$J$305)*(Timeline!$I$5:$I$305<=BA$4+5)*(Timeline!$J$5:$J$305>=BA$4+5)),SUMPRODUCT((INDEX(Timeline!$P$5:$AN$305,0,MATCH($A7,Timeline!$P$4:$AN$4,0))="x")*(Timeline!$K$5:$K$305="Task")*ISNUMBER(Timeline!$I$5:$I$305)*ISNUMBER(Timeline!$J$5:$J$305)*(Timeline!$I$5:$I$305<=BA$4+6)*(Timeline!$J$5:$J$305>=BA$4+6))) -> 0
A8: BA3 | B8: Business analyst · SI-SO, Customer P&L, Market Share, Shipments, Inventory | C8: =MAX(SUMPRODUCT((INDEX(Timeline!$P$5:$AN$305,0,MATCH($A8,Timeline!$P$4:$AN$4,0))="x")*(Timeline!$K$5:$K$305="Task")*ISNUMBER(Timeline!$I$5:$I$305)*ISNUMBER(Timeline!$J$5:$J$305)*(Timeline!$I$5:$I$305<=C$4+0)*(Timeline!$J$5:$J$305>=C$4+0)),SUMPRODUCT((INDEX(Timeline!$P$5:$AN$305,0,MATCH($A8,Timeline!$P$4:$AN$4,0))="x")*(Timeline!$K$5:$K$305="Task")*ISNUMBER(Timeline!$I$5:$I$305)*ISNUMBER(Timeline!$J$5:$J$305)*(Timeline!$I$5:$I$305<=C$4+1)*(Timeline!$J$5:$J$305>=C$4+1)),SUMPRODUCT((INDEX(Timeline!$P$5:$AN$305,0,MATCH($A8,Timeline!$P$4:$AN$4,0))="x")*(Timeline!$K$5:$K$305="Task")*ISNUMBER(Timeline!$I$5:$I$305)*ISNUMBER(Timeline!$J$5:$J$305)*(Timeline!$I$5:$I$305<=C$4+2)*(Timeline!$J$5:$J$305>=C$4+2)),SUMPRODUCT((INDEX(Timeline!$P$5:$AN$305,0,MATCH($A8,Timeline!$P$4:$AN$4,0))="x")*(Timeline!$K$5:$K$305="Task")*ISNUMBER(Timeline!$I$5:$I$305)*ISNUMBER(Timeline!$J$5:$J$305)*(Timeline!$I$5:$I$305<=C$4+3)*(Timeline!$J$5:$J$305>=C$4+3)),SUMPRODUCT((INDEX(Timeline!$P$5:$AN$305,0,MATCH($A8,Timeline!$P$4:$AN$4,0))="x")*(Timeline!$K$5:$K$305="Task")*ISNUMBER(Timeline!$I$5:$I$305)*ISNUMBER(Timeline!$J$5:$J$305)*(Timeline!$I$5:$I$305<=C$4+4)*(Timeline!$J$5:$J$305>=C$4+4)),SUMPRODUCT((INDEX(Timeline!$P$5:$AN$305,0,MATCH($A8,Timeline!$P$4:$AN$4,0))="x")*(Timeline!$K$5:$K$305="Task")*ISNUMBER(Timeline!$I$5:$I$305)*ISNUMBER(Timeline!$J$5:$J$305)*(Timeline!$I$5:$I$305<=C$4+5)*(Timeline!$J$5:$J$305>=C$4+5)),SUMPRODUCT((INDEX(Timeline!$P$5:$AN$305,0,MATCH($A8,Timeline!$P$4:$AN$4,0))="x")*(Timeline!$K$5:$K$305="Task")*ISNUMBER(Timeline!$I$5:$I$305)*ISNUMBER(Timeline!$J$5:$J$305)*(Timeline!$I$5:$I$305<=C$4+6)*(Timeline!$J$5:$J$305>=C$4+6))) -> 0 | D8: =MAX(SUMPRODUCT((INDEX(Timeline!$P$5:$AN$305,0,MATCH($A8,Timeline!$P$4:$AN$4,0))="x")*(Timeline!$K$5:$K$305="Task")*ISNUMBER(Timeline!$I$5:$I$305)*ISNUMBER(Timeline!$J$5:$J$305)*(Timeline!$I$5:$I$305<=D$4+0)*(Timeline!$J$5:$J$305>=D$4+0)),SUMPRODUCT((INDEX(Timeline!$P$5:$AN$305,0,MATCH($A8,Timeline!$P$4:$AN$4,0))="x")*(Timeline!$K$5:$K$305="Task")*ISNUMBER(Timeline!$I$5:$I$305)*ISNUMBER(Timeline!$J$5:$J$305)*(Timeline!$I$5:$I$305<=D$4+1)*(Timeline!$J$5:$J$305>=D$4+1)),SUMPRODUCT((INDEX(Timeline!$P$5:$AN$305,0,MATCH($A8,Timeline!$P$4:$AN$4,0))="x")*(Timeline!$K$5:$K$305="Task")*ISNUMBER(Timeline!$I$5:$I$305)*ISNUMBER(Timeline!$J$5:$J$305)*(Timeline!$I$5:$I$305<=D$4+2)*(Timeline!$J$5:$J$305>=D$4+2)),SUMPRODUCT((INDEX(Timeline!$P$5:$AN$305,0,MATCH($A8,Timeline!$P$4:$AN$4,0))="x")*(Timeline!$K$5:$K$305="Task")*ISNUMBER(Timeline!$I$5:$I$305)*ISNUMBER(Timeline!$J$5:$J$305)*(Timeline!$I$5:$I$305<=D$4+3)*(Timeline!$J$5:$J$305>=D$4+3)),SUMPRODUCT((INDEX(Timeline!$P$5:$AN$305,0,MATCH($A8,Timeline!$P$4:$AN$4,0))="x")*(Timeline!$K$5:$K$305="Task")*ISNUMBER(Timeline!$I$5:$I$305)*ISNUMBER(Timeline!$J$5:$J$305)*(Timeline!$I$5:$I$305<=D$4+4)*(Timeline!$J$5:$J$305>=D$4+4)),SUMPRODUCT((INDEX(Timeline!$P$5:$AN$305,0,MATCH($A8,Timeline!$P$4:$AN$4,0))="x")*(Timeline!$K$5:$K$305="Task")*ISNUMBER(Timeline!$I$5:$I$305)*ISNUMBER(Timeline!$J$5:$J$305)*(Timeline!$I$5:$I$305<=D$4+5)*(Timeline!$J$5:$J$305>=D$4+5)),SUMPRODUCT((INDEX(Timeline!$P$5:$AN$305,0,MATCH($A8,Timeline!$P$4:$AN$4,0))="x")*(Timeline!$K$5:$K$305="Task")*ISNUMBER(Timeline!$I$5:$I$305)*ISNUMBER(Timeline!$J$5:$J$305)*(Timeline!$I$5:$I$305<=D$4+6)*(Timeline!$J$5:$J$305>=D$4+6))) -> 0 | E8: =MAX(SUMPRODUCT((INDEX(Timeline!$P$5:$AN$305,0,MATCH($A8,Timeline!$P$4:$AN$4,0))="x")*(Timeline!$K$5:$K$305="Task")*ISNUMBER(Timeline!$I$5:$I$305)*ISNUMBER(Timeline!$J$5:$J$305)*(Timeline!$I$5:$I$305<=E$4+0)*(Timeline!$J$5:$J$305>=E$4+0)),SUMPRODUCT((INDEX(Timeline!$P$5:$AN$305,0,MATCH($A8,Timeline!$P$4:$AN$4,0))="x")*(Timeline!$K$5:$K$305="Task")*ISNUMBER(Timeline!$I$5:$I$305)*ISNUMBER(Timeline!$J$5:$J$305)*(Timeline!$I$5:$I$305<=E$4+1)*(Timeline!$J$5:$J$305>=E$4+1)),SUMPRODUCT((INDEX(Timeline!$P$5:$AN$305,0,MATCH($A8,Timeline!$P$4:$AN$4,0))="x")*(Timeline!$K$5:$K$305="Task")*ISNUMBER(Timeline!$I$5:$I$305)*ISNUMBER(Timeline!$J$5:$J$305)*(Timeline!$I$5:$I$305<=E$4+2)*(Timeline!$J$5:$J$305>=E$4+2)),SUMPRODUCT((INDEX(Timeline!$P$5:$AN$305,0,MATCH($A8,Timeline!$P$4:$AN$4,0))="x")*(Timeline!$K$5:$K$305="Task")*ISNUMBER(Timeline!$I$5:$I$305)*ISNUMBER(Timeline!$J$5:$J$305)*(Timeline!$I$5:$I$305<=E$4+3)*(Timeline!$J$5:$J$305>=E$4+3)),SUMPRODUCT((INDEX(Timeline!$P$5:$AN$305,0,MATCH($A8,Timeline!$P$4:$AN$4,0))="x")*(Timeline!$K$5:$K$305="Task")*ISNUMBER(Timeline!$I$5:$I$305)*ISNUMBER(Timeline!$J$5:$J$305)*(Timeline!$I$5:$I$305<=E$4+4)*(Timeline!$J$5:$J$305>=E$4+4)),SUMPRODUCT((INDEX(Timeline!$P$5:$AN$305,0,MATCH($A8,Timeline!$P$4:$AN$4,0))="x")*(Timeline!$K$5:$K$305="Task")*ISNUMBER(Timeline!$I$5:$I$305)*ISNUMBER(Timeline!$J$5:$J$305)*(Timeline!$I$5:$I$305<=E$4+5)*(Timeline!$J$5:$J$305>=E$4+5)),SUMPRODUCT((INDEX(Timeline!$P$5:$AN$305,0,MATCH($A8,Timeline!$P$4:$AN$4,0))="x")*(Timeline!$K$5:$K$305="Task")*ISNUMBER(Timeline!$I$5:$I$305)*ISNUMBER(Timeline!$J$5:$J$305)*(Timeline!$I$5:$I$305<=E$4+6)*(Timeline!$J$5:$J$305>=E$4+6))) -> 0 | F8: =MAX(SUMPRODUCT((INDEX(Timeline!$P$5:$AN$305,0,MATCH($A8,Timeline!$P$4:$AN$4,0))="x")*(Timeline!$K$5:$K$305="Task")*ISNUMBER(Timeline!$I$5:$I$305)*ISNUMBER(Timeline!$J$5:$J$305)*(Timeline!$I$5:$I$305<=F$4+0)*(Timeline!$J$5:$J$305>=F$4+0)),SUMPRODUCT((INDEX(Timeline!$P$5:$AN$305,0,MATCH($A8,Timeline!$P$4:$AN$4,0))="x")*(Timeline!$K$5:$K$305="Task")*ISNUMBER(Timeline!$I$5:$I$305)*ISNUMBER(Timeline!$J$5:$J$305)*(Timeline!$I$5:$I$305<=F$4+1)*(Timeline!$J$5:$J$305>=F$4+1)),SUMPRODUCT((INDEX(Timeline!$P$5:$AN$305,0,MATCH($A8,Timeline!$P$4:$AN$4,0))="x")*(Timeline!$K$5:$K$305="Task")*ISNUMBER(Timeline!$I$5:$I$305)*ISNUMBER(Timeline!$J$5:$J$305)*(Timeline!$I$5:$I$305<=F$4+2)*(Timeline!$J$5:$J$305>=F$4+2)),SUMPRODUCT((INDEX(Timeline!$P$5:$AN$305,0,MATCH($A8,Timeline!$P$4:$AN$4,0))="x")*(Timeline!$K$5:$K$305="Task")*ISNUMBER(Timeline!$I$5:$I$305)*ISNUMBER(Timeline!$J$5:$J$305)*(Timeline!$I$5:$I$305<=F$4+3)*(Timeline!$J$5:$J$305>=F$4+3)),SUMPRODUCT((INDEX(Timeline!$P$5:$AN$305,0,MATCH($A8,Timeline!$P$4:$AN$4,0))="x")*(Timeline!$K$5:$K$305="Task")*ISNUMBER(Timeline!$I$5:$I$305)*ISNUMBER(Timeline!$J$5:$J$305)*(Timeline!$I$5:$I$305<=F$4+4)*(Timeline!$J$5:$J$305>=F$4+4)),SUMPRODUCT((INDEX(Timeline!$P$5:$AN$305,0,MATCH($A8,Timeline!$P$4:$AN$4,0))="x")*(Timeline!$K$5:$K$305="Task")*ISNUMBER(Timeline!$I$5:$I$305)*ISNUMBER(Timeline!$J$5:$J$305)*(Timeline!$I$5:$I$305<=F$4+5)*(Timeline!$J$5:$J$305>=F$4+5)),SUMPRODUCT((INDEX(Timeline!$P$5:$AN$305,0,MATCH($A8,Timeline!$P$4:$AN$4,0))="x")*(Timeline!$K$5:$K$305="Task")*ISNUMBER(Timeline!$I$5:$I$305)*ISNUMBER(Timeline!$J$5:$J$305)*(Timeline!$I$5:$I$305<=F$4+6)*(Timeline!$J$5:$J$305>=F$4+6))) -> 0 | G8: =MAX(SUMPRODUCT((INDEX(Timeline!$P$5:$AN$305,0,MATCH($A8,Timeline!$P$4:$AN$4,0))="x")*(Timeline!$K$5:$K$305="Task")*ISNUMBER(Timeline!$I$5:$I$305)*ISNUMBER(Timeline!$J$5:$J$305)*(Timeline!$I$5:$I$305<=G$4+0)*(Timeline!$J$5:$J$305>=G$4+0)),SUMPRODUCT((INDEX(Timeline!$P$5:$AN$305,0,MATCH($A8,Timeline!$P$4:$AN$4,0))="x")*(Timeline!$K$5:$K$305="Task")*ISNUMBER(Timeline!$I$5:$I$305)*ISNUMBER(Timeline!$J$5:$J$305)*(Timeline!$I$5:$I$305<=G$4+1)*(Timeline!$J$5:$J$305>=G$4+1)),SUMPRODUCT((INDEX(Timeline!$P$5:$AN$305,0,MATCH($A8,Timeline!$P$4:$AN$4,0))="x")*(Timeline!$K$5:$K$305="Task")*ISNUMBER(Timeline!$I$5:$I$305)*ISNUMBER(Timeline!$J$5:$J$305)*(Timeline!$I$5:$I$305<=G$4+2)*(Timeline!$J$5:$J$305>=G$4+2)),SUMPRODUCT((INDEX(Timeline!$P$5:$AN$305,0,MATCH($A8,Timeline!$P$4:$AN$4,0))="x")*(Timeline!$K$5:$K$305="Task")*ISNUMBER(Timeline!$I$5:$I$305)*ISNUMBER(Timeline!$J$5:$J$305)*(Timeline!$I$5:$I$305<=G$4+3)*(Timeline!$J$5:$J$305>=G$4+3)),SUMPRODUCT((INDEX(Timeline!$P$5:$AN$305,0,MATCH($A8,Timeline!$P$4:$AN$4,0))="x")*(Timeline!$K$5:$K$305="Task")*ISNUMBER(Timeline!$I$5:$I$305)*ISNUMBER(Timeline!$J$5:$J$305)*(Timeline!$I$5:$I$305<=G$4+4)*(Timeline!$J$5:$J$305>=G$4+4)),SUMPRODUCT((INDEX(Timeline!$P$5:$AN$305,0,MATCH($A8,Timeline!$P$4:$AN$4,0))="x")*(Timeline!$K$5:$K$305="Task")*ISNUMBER(Timeline!$I$5:$I$305)*ISNUMBER(Timeline!$J$5:$J$305)*(Timeline!$I$5:$I$305<=G$4+5)*(Timeline!$J$5:$J$305>=G$4+5)),SUMPRODUCT((INDEX(Timeline!$P$5:$AN$305,0,MATCH($A8,Timeline!$P$4:$AN$4,0))="x")*(Timeline!$K$5:$K$305="Task")*ISNUMBER(Timeline!$I$5:$I$305)*ISNUMBER(Timeline!$J$5:$J$305)*(Timeline!$I$5:$I$305<=G$4+6)*(Timeline!$J$5:$J$305>=G$4+6))) -> 1 | H8: =MAX(SUMPRODUCT((INDEX(Timeline!$P$5:$AN$305,0,MATCH($A8,Timeline!$P$4:$AN$4,0))="x")*(Timeline!$K$5:$K$305="Task")*ISNUMBER(Timeline!$I$5:$I$305)*ISNUMBER(Timeline!$J$5:$J$305)*(Timeline!$I$5:$I$305<=H$4+0)*(Timeline!$J$5:$J$305>=H$4+0)),SUMPRODUCT((INDEX(Timeline!$P$5:$AN$305,0,MATCH($A8,Timeline!$P$4:$AN$4,0))="x")*(Timeline!$K$5:$K$305="Task")*ISNUMBER(Timeline!$I$5:$I$305)*ISNUMBER(Timeline!$J$5:$J$305)*(Timeline!$I$5:$I$305<=H$4+1)*(Timeline!$J$5:$J$305>=H$4+1)),SUMPRODUCT((INDEX(Timeline!$P$5:$AN$305,0,MATCH($A8,Timeline!$P$4:$AN$4,0))="x")*(Timeline!$K$5:$K$305="Task")*ISNUMBER(Timeline!$I$5:$I$305)*ISNUMBER(Timeline!$J$5:$J$305)*(Timeline!$I$5:$I$305<=H$4+2)*(Timeline!$J$5:$J$305>=H$4+2)),SUMPRODUCT((INDEX(Timeline!$P$5:$AN$305,0,MATCH($A8,Timeline!$P$4:$AN$4,0))="x")*(Timeline!$K$5:$K$305="Task")*ISNUMBER(Timeline!$I$5:$I$305)*ISNUMBER(Timeline!$J$5:$J$305)*(Timeline!$I$5:$I$305<=H$4+3)*(Timeline!$J$5:$J$305>=H$4+3)),SUMPRODUCT((INDEX(Timeline!$P$5:$AN$305,0,MATCH($A8,Timeline!$P$4:$AN$4,0))="x")*(Timeline!$K$5:$K$305="Task")*ISNUMBER(Timeline!$I$5:$I$305)*ISNUMBER(Timeline!$J$5:$J$305)*(Timeline!$I$5:$I$305<=H$4+4)*(Timeline!$J$5:$J$305>=H$4+4)),SUMPRODUCT((INDEX(Timeline!$P$5:$AN$305,0,MATCH($A8,Timeline!$P$4:$AN$4,0))="x")*(Timeline!$K$5:$K$305="Task")*ISNUMBER(Timeline!$I$5:$I$305)*ISNUMBER(Timeline!$J$5:$J$305)*(Timeline!$I$5:$I$305<=H$4+5)*(Timeline!$J$5:$J$305>=H$4+5)),SUMPRODUCT((INDEX(Timeline!$P$5:$AN$305,0,MATCH($A8,Timeline!$P$4:$AN$4,0))="x")*(Timeline!$K$5:$K$305="Task")*ISNUMBER(Timeline!$I$5:$I$305)*ISNUMBER(Timeline!$J$5:$J$305)*(Timeline!$I$5:$I$305<=H$4+6)*(Timeline!$J$5:$J$305>=H$4+6))) -> 1 | I8: =MAX(SUMPRODUCT((INDEX(Timeline!$P$5:$AN$305,0,MATCH($A8,Timeline!$P$4:$AN$4,0))="x")*(Timeline!$K$5:$K$305="Task")*ISNUMBER(Timeline!$I$5:$I$305)*ISNUMBER(Timeline!$J$5:$J$305)*(Timeline!$I$5:$I$305<=I$4+0)*(Timeline!$J$5:$J$305>=I$4+0)),SUMPRODUCT((INDEX(Timeline!$P$5:$AN$305,0,MATCH($A8,Timeline!$P$4:$AN$4,0))="x")*(Timeline!$K$5:$K$305="Task")*ISNUMBER(Timeline!$I$5:$I$305)*ISNUMBER(Timeline!$J$5:$J$305)*(Timeline!$I$5:$I$305<=I$4+1)*(Timeline!$J$5:$J$305>=I$4+1)),SUMPRODUCT((INDEX(Timeline!$P$5:$AN$305,0,MATCH($A8,Timeline!$P$4:$AN$4,0))="x")*(Timeline!$K$5:$K$305="Task")*ISNUMBER(Timeline!$I$5:$I$305)*ISNUMBER(Timeline!$J$5:$J$305)*(Timeline!$I$5:$I$305<=I$4+2)*(Timeline!$J$5:$J$305>=I$4+2)),SUMPRODUCT((INDEX(Timeline!$P$5:$AN$305,0,MATCH($A8,Timeline!$P$4:$AN$4,0))="x")*(Timeline!$K$5:$K$305="Task")*ISNUMBER(Timeline!$I$5:$I$305)*ISNUMBER(Timeline!$J$5:$J$305)*(Timeline!$I$5:$I$305<=I$4+3)*(Timeline!$J$5:$J$305>=I$4+3)),SUMPRODUCT((INDEX(Timeline!$P$5:$AN$305,0,MATCH($A8,Timeline!$P$4:$AN$4,0))="x")*(Timeline!$K$5:$K$305="Task")*ISNUMBER(Timeline!$I$5:$I$305)*ISNUMBER(Timeline!$J$5:$J$305)*(Timeline!$I$5:$I$305<=I$4+4)*(Timeline!$J$5:$J$305>=I$4+4)),SUMPRODUCT((INDEX(Timeline!$P$5:$AN$305,0,MATCH($A8,Timeline!$P$4:$AN$4,0))="x")*(Timeline!$K$5:$K$305="Task")*ISNUMBER(Timeline!$I$5:$I$305)*ISNUMBER(Timeline!$J$5:$J$305)*(Timeline!$I$5:$I$305<=I$4+5)*(Timeline!$J$5:$J$305>=I$4+5)),SUMPRODUCT((INDEX(Timeline!$P$5:$AN$305,0,MATCH($A8,Timeline!$P$4:$AN$4,0))="x")*(Timeline!$K$5:$K$305="Task")*ISNUMBER(Timeline!$I$5:$I$305)*ISNUMBER(Timeline!$J$5:$J$305)*(Timeline!$I$5:$I$305<=I$4+6)*(Timeline!$J$5:$J$305>=I$4+6))) -> 1 | J8: =MAX(SUMPRODUCT((INDEX(Timeline!$P$5:$AN$305,0,MATCH($A8,Timeline!$P$4:$AN$4,0))="x")*(Timeline!$K$5:$K$305="Task")*ISNUMBER(Timeline!$I$5:$I$305)*ISNUMBER(Timeline!$J$5:$J$305)*(Timeline!$I$5:$I$305<=J$4+0)*(Timeline!$J$5:$J$305>=J$4+0)),SUMPRODUCT((INDEX(Timeline!$P$5:$AN$305,0,MATCH($A8,Timeline!$P$4:$AN$4,0))="x")*(Timeline!$K$5:$K$305="Task")*ISNUMBER(Timeline!$I$5:$I$305)*ISNUMBER(Timeline!$J$5:$J$305)*(Timeline!$I$5:$I$305<=J$4+1)*(Timeline!$J$5:$J$305>=J$4+1)),SUMPRODUCT((INDEX(Timeline!$P$5:$AN$305,0,MATCH($A8,Timeline!$P$4:$AN$4,0))="x")*(Timeline!$K$5:$K$305="Task")*ISNUMBER(Timeline!$I$5:$I$305)*ISNUMBER(Timeline!$J$5:$J$305)*(Timeline!$I$5:$I$305<=J$4+2)*(Timeline!$J$5:$J$305>=J$4+2)),SUMPRODUCT((INDEX(Timeline!$P$5:$AN$305,0,MATCH($A8,Timeline!$P$4:$AN$4,0))="x")*(Timeline!$K$5:$K$305="Task")*ISNUMBER(Timeline!$I$5:$I$305)*ISNUMBER(Timeline!$J$5:$J$305)*(Timeline!$I$5:$I$305<=J$4+3)*(Timeline!$J$5:$J$305>=J$4+3)),SUMPRODUCT((INDEX(Timeline!$P$5:$AN$305,0,MATCH($A8,Timeline!$P$4:$AN$4,0))="x")*(Timeline!$K$5:$K$305="Task")*ISNUMBER(Timeline!$I$5:$I$305)*ISNUMBER(Timeline!$J$5:$J$305)*(Timeline!$I$5:$I$305<=J$4+4)*(Timeline!$J$5:$J$305>=J$4+4)),SUMPRODUCT((INDEX(Timeline!$P$5:$AN$305,0,MATCH($A8,Timeline!$P$4:$AN$4,0))="x")*(Timeline!$K$5:$K$305="Task")*ISNUMBER(Timeline!$I$5:$I$305)*ISNUMBER(Timeline!$J$5:$J$305)*(Timeline!$I$5:$I$305<=J$4+5)*(Timeline!$J$5:$J$305>=J$4+5)),SUMPRODUCT((INDEX(Timeline!$P$5:$AN$305,0,MATCH($A8,Timeline!$P$4:$AN$4,0))="x")*(Timeline!$K$5:$K$305="Task")*ISNUMBER(Timeline!$I$5:$I$305)*ISNUMBER(Timeline!$J$5:$J$305)*(Timeline!$I$5:$I$305<=J$4+6)*(Timeline!$J$5:$J$305>=J$4+6))) -> 1 | ... BA8: =MAX(SUMPRODUCT((INDEX(Timeline!$P$5:$AN$305,0,MATCH($A8,Timeline!$P$4:$AN$4,0))="x")*(Timeline!$K$5:$K$305="Task")*ISNUMBER(Timeline!$I$5:$I$305)*ISNUMBER(Timeline!$J$5:$J$305)*(Timeline!$I$5:$I$305<=BA$4+0)*(Timeline!$J$5:$J$305>=BA$4+0)),SUMPRODUCT((INDEX(Timeline!$P$5:$AN$305,0,MATCH($A8,Timeline!$P$4:$AN$4,0))="x")*(Timeline!$K$5:$K$305="Task")*ISNUMBER(Timeline!$I$5:$I$305)*ISNUMBER(Timeline!$J$5:$J$305)*(Timeline!$I$5:$I$305<=BA$4+1)*(Timeline!$J$5:$J$305>=BA$4+1)),SUMPRODUCT((INDEX(Timeline!$P$5:$AN$305,0,MATCH($A8,Timeline!$P$4:$AN$4,0))="x")*(Timeline!$K$5:$K$305="Task")*ISNUMBER(Timeline!$I$5:$I$305)*ISNUMBER(Timeline!$J$5:$J$305)*(Timeline!$I$5:$I$305<=BA$4+2)*(Timeline!$J$5:$J$305>=BA$4+2)),SUMPRODUCT((INDEX(Timeline!$P$5:$AN$305,0,MATCH($A8,Timeline!$P$4:$AN$4,0))="x")*(Timeline!$K$5:$K$305="Task")*ISNUMBER(Timeline!$I$5:$I$305)*ISNUMBER(Timeline!$J$5:$J$305)*(Timeline!$I$5:$I$305<=BA$4+3)*(Timeline!$J$5:$J$305>=BA$4+3)),SUMPRODUCT((INDEX(Timeline!$P$5:$AN$305,0,MATCH($A8,Timeline!$P$4:$AN$4,0))="x")*(Timeline!$K$5:$K$305="Task")*ISNUMBER(Timeline!$I$5:$I$305)*ISNUMBER(Timeline!$J$5:$J$305)*(Timeline!$I$5:$I$305<=BA$4+4)*(Timeline!$J$5:$J$305>=BA$4+4)),SUMPRODUCT((INDEX(Timeline!$P$5:$AN$305,0,MATCH($A8,Timeline!$P$4:$AN$4,0))="x")*(Timeline!$K$5:$K$305="Task")*ISNUMBER(Timeline!$I$5:$I$305)*ISNUMBER(Timeline!$J$5:$J$305)*(Timeline!$I$5:$I$305<=BA$4+5)*(Timeline!$J$5:$J$305>=BA$4+5)),SUMPRODUCT((INDEX(Timeline!$P$5:$AN$305,0,MATCH($A8,Timeline!$P$4:$AN$4,0))="x")*(Timeline!$K$5:$K$305="Task")*ISNUMBER(Timeline!$I$5:$I$305)*ISNUMBER(Timeline!$J$5:$J$305)*(Timeline!$I$5:$I$305<=BA$4+6)*(Timeline!$J$5:$J$305>=BA$4+6))) -> 0
